'[',1,-35.2339681511283,-5.75398598793819,']'
'[',1,-35.2347718208677,-5.75269002016348,']'
'[',1,-35.234429598112,-5.75246677688977,']'
'[',1,-35.2330751779672,-5.75347917258405,']'
'[',1,-35.2324065062534,-5.75400448865007,']'
'[',1,-35.2335574064767,-5.75464654204323,']'
'[',1,-35.2339681511283,-5.75398598793819,']'
'[',2,-35.2143479967229,-5.73995909684535,']'
'[',2,-35.2135505309227,-5.73888805260474,']'
'[',2,-35.213065854777,-5.73924898740534,']'
'[',2,-35.2126932843833,-5.73874531267758,']'
'[',2,-35.2119289107147,-5.73905255726749,']'
'[',2,-35.2114989149381,-5.73941327963378,']'
'[',2,-35.2110533422293,-5.73888554268884,']'
'[',2,-35.2105626348203,-5.73925867078923,']'
'[',2,-35.2108068153812,-5.73955592846295,']'
'[',2,-35.2101771849385,-5.74014259506444,']'
'[',2,-35.2096900194822,-5.7398584477995,']'
'[',2,-35.2092620274161,-5.74002024830979,']'
'[',2,-35.2086304767628,-5.74089365784147,']'
'[',2,-35.2097121437835,-5.74220975525486,']'
'[',2,-35.2103038315442,-5.74173742070959,']'
'[',2,-35.2104910687389,-5.74197171972714,']'
'[',2,-35.2124897084897,-5.74126582965332,']'
'[',2,-35.213173840433,-5.74087608760319,']'
'[',2,-35.2143479967229,-5.73995909684535,']'
'[',3,-35.1847320809703,-5.79809781429587,']'
'[',3,-35.1844111597456,-5.7978681366319,']'
'[',3,-35.1838592555581,-5.79758413875563,']'
'[',3,-35.1837696845592,-5.79754259796701,']'
'[',3,-35.1835698594823,-5.79787148559309,']'
'[',3,-35.1839478762639,-5.79805105723941,']'
'[',3,-35.1838630720507,-5.79832519220166,']'
'[',3,-35.1837168837921,-5.79825782757289,']'
'[',3,-35.183622367747,-5.79844885295418,']'
'[',3,-35.183794870527,-5.79852260510666,']'
'[',3,-35.1836953312425,-5.79877162561529,']'
'[',3,-35.183249024975,-5.7985659358823,']'
'[',3,-35.1831012181948,-5.79884367161197,']'
'[',3,-35.183515553411,-5.79902576117473,']'
'[',3,-35.1834773697488,-5.79908474322801,']'
'[',3,-35.183828544433,-5.79933456731069,']'
'[',3,-35.18398821381,-5.79913934399625,']'
'[',3,-35.1843770224516,-5.79956421341193,']'
'[',3,-35.1849569451221,-5.79910888486842,']'
'[',3,-35.1844352762129,-5.79847233386406,']'
'[',3,-35.1847320809703,-5.79809781429587,']'
'[',4,-35.1974244760021,-5.8205677887061,']'
'[',4,-35.197335994888,-5.82051574682302,']'
'[',4,-35.1972662866458,-5.82060119317737,']'
'[',4,-35.197118124931,-5.8207746250956,']'
'[',4,-35.1968194798785,-5.82116784303198,']'
'[',4,-35.1966974999207,-5.82131987923839,']'
'[',4,-35.1963651388953,-5.82172700679364,']'
'[',4,-35.1962905994053,-5.82183133174011,']'
'[',4,-35.1961962498529,-5.82203830216085,']'
'[',4,-35.1958702681416,-5.8224779716853,']'
'[',4,-35.1956836596446,-5.82273547556387,']'
'[',4,-35.1957243827396,-5.82291568710967,']'
'[',4,-35.1959122704903,-5.82330951488905,']'
'[',4,-35.1959859452136,-5.82360107676368,']'
'[',4,-35.196013348743,-5.82389407146317,']'
'[',4,-35.1960372046496,-5.82391777734414,']'
'[',4,-35.1961495444691,-5.82385972135277,']'
'[',4,-35.1961506881156,-5.82383216034842,']'
'[',4,-35.196128194851,-5.82383725827566,']'
'[',4,-35.1961152741237,-5.82373084015115,']'
'[',4,-35.1960666085681,-5.82343792831691,']'
'[',4,-35.1960069203227,-5.82320518278126,']'
'[',4,-35.1960001704988,-5.82307744689581,']'
'[',4,-35.1959759643283,-5.82296355729261,']'
'[',4,-35.1959277758383,-5.82279339543412,']'
'[',4,-35.196015734212,-5.82257635808922,']'
'[',4,-35.1961451458098,-5.82240550435419,']'
'[',4,-35.1964076235759,-5.82203873125269,']'
'[',4,-35.1966201459529,-5.82169094132583,']'
'[',4,-35.1970095182881,-5.82114956660387,']'
'[',4,-35.197218404764,-5.82083185254773,']'
'[',4,-35.1974244760021,-5.8205677887061,']'
'[',5,-35.2469080290726,-5.82152055526078,']'
'[',5,-35.2474968669137,-5.8215157373671,']'
'[',5,-35.2479747569619,-5.82126686103958,']'
'[',5,-35.2478588252185,-5.82090714917773,']'
'[',5,-35.2477325067258,-5.82055971885324,']'
'[',5,-35.2472837592453,-5.8207595937839,']'
'[',5,-35.2472316502259,-5.82055681144427,']'
'[',5,-35.2471572985075,-5.82030280001798,']'
'[',5,-35.2473547984962,-5.82023507186291,']'
'[',5,-35.2475384004239,-5.81975805453954,']'
'[',5,-35.2474651044719,-5.81960830299325,']'
'[',5,-35.2472743772691,-5.8190995640785,']'
'[',5,-35.247113571255,-5.81910091526917,']'
'[',5,-35.2469474883243,-5.81911543351479,']'
'[',5,-35.2467550414158,-5.81853708373993,']'
'[',5,-35.2464473739744,-5.81795978940341,']'
'[',5,-35.2466081866312,-5.81774869829232,']'
'[',5,-35.2465402465267,-5.817429402141,']'
'[',5,-35.2457376288528,-5.8165992205841,']'
'[',5,-35.2448387037829,-5.816949728536,']'
'[',5,-35.2449796403305,-5.81707738068575,']'
'[',5,-35.2453450557138,-5.81750968642882,']'
'[',5,-35.2452937122289,-5.81756889075879,']'
'[',5,-35.245167191912,-5.81764656887854,']'
'[',5,-35.2449285609383,-5.81782824427161,']'
'[',5,-35.2449581210847,-5.81787015566627,']'
'[',5,-35.2450188912665,-5.81784049351463,']'
'[',5,-35.245097349576,-5.81794353716521,']'
'[',5,-35.245341636591,-5.81828090566117,']'
'[',5,-35.2456832879813,-5.81814287241683,']'
'[',5,-35.2458311320978,-5.81850125611163,']'
'[',5,-35.2460511384715,-5.81907608354406,']'
'[',5,-35.24594623504,-5.8191186776796,']'
'[',5,-35.2460059255675,-5.8192353530485,']'
'[',5,-35.2461857818401,-5.8191683782004,']'
'[',5,-35.246372875046,-5.81988162519833,']'
'[',5,-35.2464372712736,-5.82014856235728,']'
'[',5,-35.2461980704985,-5.82023382393996,']'
'[',5,-35.2462146129813,-5.82040342459837,']'
'[',5,-35.2462763479904,-5.82070352990718,']'
'[',5,-35.2464250946093,-5.82104017323357,']'
'[',5,-35.2466001294022,-5.82127251315046,']'
'[',5,-35.2468252123613,-5.82160885251692,']'
'[',5,-35.2469080290726,-5.82152055526078,']'
'[',6,-35.2413853646356,-5.80380242867383,']'
'[',6,-35.2412617694598,-5.80367964146408,']'
'[',6,-35.2414438197333,-5.803559889813,']'
'[',6,-35.2413459869984,-5.80332746261833,']'
'[',6,-35.2411318284178,-5.80308773556117,']'
'[',6,-35.2408963550124,-5.8032946947608,']'
'[',6,-35.2407469953651,-5.80375703698931,']'
'[',6,-35.2405080075802,-5.80445003806019,']'
'[',6,-35.2399104022405,-5.80515237196737,']'
'[',6,-35.2399548078981,-5.80518771693034,']'
'[',6,-35.2406893134205,-5.80565214907403,']'
'[',6,-35.2413620828489,-5.8060546606814,']'
'[',6,-35.2421853731447,-5.80659723982,']'
'[',6,-35.2436925761356,-5.80516944459794,']'
'[',6,-35.2434117851987,-5.80492242239539,']'
'[',6,-35.243188299936,-5.80464903765537,']'
'[',6,-35.2429642822298,-5.80439708153382,']'
'[',6,-35.2426813055482,-5.80460590836462,']'
'[',6,-35.2424801612791,-5.80467387557695,']'
'[',6,-35.2422113845125,-5.80451663670946,']'
'[',6,-35.2418873799135,-5.80458176335845,']'
'[',6,-35.2415031844906,-5.8051359626458,']'
'[',6,-35.2412167402419,-5.80495267450446,']'
'[',6,-35.2413213445967,-5.80480090572125,']'
'[',6,-35.2411407473922,-5.80458007254115,']'
'[',6,-35.2415905464046,-5.80410978899939,']'
'[',6,-35.2413853646356,-5.80380242867383,']'
'[',7,-35.1896394983905,-5.79417423291741,']'
'[',7,-35.1889484185427,-5.79495605432828,']'
'[',7,-35.188192578907,-5.79581922701898,']'
'[',7,-35.187760583496,-5.79629012460185,']'
'[',7,-35.1876167299084,-5.79648474402795,']'
'[',7,-35.1873662171797,-5.79676956616704,']'
'[',7,-35.1872091986437,-5.79692513405587,']'
'[',7,-35.1869376659323,-5.79720619789028,']'
'[',7,-35.1868287830345,-5.7973179272956,']'
'[',7,-35.186765644673,-5.79739897261361,']'
'[',7,-35.186329616547,-5.79787496569474,']'
'[',7,-35.1858197901012,-5.79841436648735,']'
'[',7,-35.1855001008386,-5.79867235534091,']'
'[',7,-35.1849865381174,-5.79908527579369,']'
'[',7,-35.1843774264059,-5.79956373561917,']'
'[',7,-35.1847532708416,-5.80000037692166,']'
'[',7,-35.1848451691093,-5.79992579988732,']'
'[',7,-35.1851286261062,-5.799370754269,']'
'[',7,-35.1853105242024,-5.79919807363054,']'
'[',7,-35.1858366835539,-5.79877062192292,']'
'[',7,-35.1862182403155,-5.79834372853565,']'
'[',7,-35.1865141788729,-5.79821405439071,']'
'[',7,-35.1872934670572,-5.79733667096875,']'
'[',7,-35.1874214381631,-5.79724204117308,']'
'[',7,-35.1876515088598,-5.79737511400034,']'
'[',7,-35.1880024401175,-5.79697549300825,']'
'[',7,-35.1881635112517,-5.79702736903508,']'
'[',7,-35.1882518632525,-5.79697090843216,']'
'[',7,-35.1884786125236,-5.79671115994576,']'
'[',7,-35.1887633485157,-5.79648920345767,']'
'[',7,-35.1888909912102,-5.79630949096492,']'
'[',7,-35.1891613085915,-5.79609845190892,']'
'[',7,-35.1895662190277,-5.79563526169713,']'
'[',7,-35.1896332713243,-5.795680259744,']'
'[',7,-35.1898353982744,-5.79559801499211,']'
'[',7,-35.19036517929,-5.79517416810851,']'
'[',7,-35.1904527279991,-5.79490952690827,']'
'[',7,-35.1906146565984,-5.79471519941075,']'
'[',7,-35.190933349257,-5.79439354515873,']'
'[',7,-35.1909307459309,-5.79418718203982,']'
'[',7,-35.1911360612291,-5.79399449700778,']'
'[',7,-35.1914412577704,-5.79362091977771,']'
'[',7,-35.1917401227703,-5.79331382448227,']'
'[',7,-35.1920408228842,-5.79301396320886,']'
'[',7,-35.1921889119939,-5.79298080499766,']'
'[',7,-35.1924529812021,-5.79302504037308,']'
'[',7,-35.1925853964695,-5.79314581730767,']'
'[',7,-35.1931026042246,-5.79274374157024,']'
'[',7,-35.1930737314411,-5.79228766057896,']'
'[',7,-35.1928867912282,-5.7920892523174,']'
'[',7,-35.1930221165666,-5.79186384311844,']'
'[',7,-35.1934640300075,-5.79143475447088,']'
'[',7,-35.1936351734116,-5.79117034976928,']'
'[',7,-35.1937432525437,-5.79107398614147,']'
'[',7,-35.1936526824714,-5.79102364865455,']'
'[',7,-35.1938416864198,-5.79082016480676,']'
'[',7,-35.1939653552028,-5.79054814291893,']'
'[',7,-35.1935983778021,-5.79006621639611,']'
'[',7,-35.1936428176527,-5.78987234358333,']'
'[',7,-35.1934708062021,-5.78979516683219,']'
'[',7,-35.1932161112872,-5.7898377889697,']'
'[',7,-35.1930576669298,-5.78999770741947,']'
'[',7,-35.1929315268517,-5.79009776133142,']'
'[',7,-35.1926092076609,-5.78994694392446,']'
'[',7,-35.1922768395028,-5.79062798839114,']'
'[',7,-35.1919749756314,-5.79128242173557,']'
'[',7,-35.1917733165817,-5.79167266303736,']'
'[',7,-35.1915341859542,-5.79190820155945,']'
'[',7,-35.1911685611651,-5.79233974065585,']'
'[',7,-35.191005965632,-5.79249879368509,']'
'[',7,-35.1904832303283,-5.79311140249961,']'
'[',7,-35.1900457337774,-5.7936547333509,']'
'[',7,-35.1896398681761,-5.7941745663265,']'
'[',7,-35.1896394983905,-5.79417423291741,']'
'[',8,-35.2874179766435,-5.76101563439426,']'
'[',8,-35.2877732756151,-5.75950004016876,']'
'[',8,-35.288091023584,-5.75818092192406,']'
'[',8,-35.2882657131077,-5.75736181958496,']'
'[',8,-35.2883229484407,-5.75704084353871,']'
'[',8,-35.2871263337804,-5.755411313708,']'
'[',8,-35.2853790014876,-5.7560905658906,']'
'[',8,-35.2852552807739,-5.75586116405088,']'
'[',8,-35.2846525923918,-5.75621374806356,']'
'[',8,-35.2835167961395,-5.75451774480285,']'
'[',8,-35.282959246133,-5.75467777180147,']'
'[',8,-35.2833218052703,-5.75516343478057,']'
'[',8,-35.2842221103719,-5.75641048774263,']'
'[',8,-35.2850079199974,-5.75753272196619,']'
'[',8,-35.285840057946,-5.75871202487247,']'
'[',8,-35.2867906316207,-5.76008367122202,']'
'[',8,-35.2874179766435,-5.76101563439426,']'
'[',9,-35.2695077948383,-5.73878383527911,']'
'[',9,-35.2701021453718,-5.73929696262606,']'
'[',9,-35.2701523550294,-5.7394540055686,']'
'[',9,-35.2713986926223,-5.74046880749578,']'
'[',9,-35.2711241254411,-5.74081249064476,']'
'[',9,-35.2715195111046,-5.74124047662607,']'
'[',9,-35.2723461767058,-5.74213308724966,']'
'[',9,-35.2731127438543,-5.74294090313922,']'
'[',9,-35.273391830818,-5.74325508904586,']'
'[',9,-35.2752726352653,-5.74138934698437,']'
'[',9,-35.2745069076164,-5.74068964739012,']'
'[',9,-35.2732808666604,-5.73957427722544,']'
'[',9,-35.2723860870616,-5.73874871590181,']'
'[',9,-35.2715416331627,-5.73800541993154,']'
'[',9,-35.2711672203468,-5.73762540121787,']'
'[',9,-35.27067990697,-5.73726877956696,']'
'[',9,-35.2702711759613,-5.73779721153814,']'
'[',9,-35.2698011710279,-5.73840466473352,']'
'[',9,-35.2695077948383,-5.73878383527911,']'
'[',10,-35.2695077948383,-5.73878383527911,']'
'[',10,-35.2687039551469,-5.7397611107509,']'
'[',10,-35.2677666509944,-5.74100989702628,']'
'[',10,-35.2676211644059,-5.74120488155888,']'
'[',10,-35.2672067402409,-5.74211335326191,']'
'[',10,-35.2668160363527,-5.74303769068545,']'
'[',10,-35.2664862715161,-5.74382965905823,']'
'[',10,-35.2661331971901,-5.74443889351316,']'
'[',10,-35.265692851125,-5.74492081694721,']'
'[',10,-35.2653745140105,-5.74521567241579,']'
'[',10,-35.2645475336398,-5.74577769161333,']'
'[',10,-35.263894490828,-5.74621295479717,']'
'[',10,-35.2635945670753,-5.74642943606934,']'
'[',10,-35.2632643726324,-5.7465086874497,']'
'[',10,-35.2622422639556,-5.74662622776475,']'
'[',10,-35.2615596350059,-5.74667268816062,']'
'[',10,-35.2617272554322,-5.74696208834286,']'
'[',10,-35.2620675543317,-5.74745283864908,']'
'[',10,-35.261668391548,-5.74773064321522,']'
'[',10,-35.2617976568479,-5.7479804427572,']'
'[',10,-35.2626033391392,-5.74738054847033,']'
'[',10,-35.2631017141355,-5.74781029509385,']'
'[',10,-35.2639526285219,-5.74847461075768,']'
'[',10,-35.2640711235653,-5.74847236372181,']'
'[',10,-35.2646354540813,-5.74905360432401,']'
'[',10,-35.2654054390258,-5.74984725840385,']'
'[',10,-35.2658760188285,-5.75033882392814,']'
'[',10,-35.2667459869885,-5.74954518829388,']'
'[',10,-35.2677581756089,-5.74858734584805,']'
'[',10,-35.269007323471,-5.74744478836461,']'
'[',10,-35.2703860319449,-5.74614709546371,']'
'[',10,-35.2711735253156,-5.74540215899006,']'
'[',10,-35.2719946770249,-5.74456740317588,']'
'[',10,-35.2731366948423,-5.743496483612,']'
'[',10,-35.273391830818,-5.74325508904586,']'
'[',10,-35.2731127438543,-5.74294090313922,']'
'[',10,-35.2723461767058,-5.74213308724966,']'
'[',10,-35.2715195111046,-5.74124047662607,']'
'[',10,-35.2711241254411,-5.74081249064476,']'
'[',10,-35.2713986926223,-5.74046880749578,']'
'[',10,-35.2701523550294,-5.7394540055686,']'
'[',10,-35.2701021453718,-5.73929696262606,']'
'[',10,-35.2695077948383,-5.73878383527911,']'
'[',11,-35.27067990697,-5.73726877956696,']'
'[',11,-35.2711672203468,-5.73762540121787,']'
'[',11,-35.2715416331627,-5.73800541993154,']'
'[',11,-35.2723860870616,-5.73874871590181,']'
'[',11,-35.2732808666604,-5.73957427722544,']'
'[',11,-35.2745069076164,-5.74068964739012,']'
'[',11,-35.2757469864771,-5.74182279356708,']'
'[',11,-35.277040325733,-5.74303399242553,']'
'[',11,-35.2774824367984,-5.74340140775345,']'
'[',11,-35.277753846684,-5.74368621713923,']'
'[',11,-35.2782953812797,-5.74413400278316,']'
'[',11,-35.2790852711276,-5.74490567043525,']'
'[',11,-35.2801304604474,-5.74575050252699,']'
'[',11,-35.2809789764786,-5.74649846921407,']'
'[',11,-35.2815649927025,-5.74696123982612,']'
'[',11,-35.2815922113009,-5.74712857170229,']'
'[',11,-35.2820856181918,-5.7475545904757,']'
'[',11,-35.282199054088,-5.74736809198231,']'
'[',11,-35.2827878096219,-5.74642084701138,']'
'[',11,-35.2832285798533,-5.74570011390295,']'
'[',11,-35.2824944776698,-5.74531387584012,']'
'[',11,-35.282990498511,-5.74443902293472,']'
'[',11,-35.2833364905027,-5.74386525235697,']'
'[',11,-35.283584873173,-5.7434778323062,']'
'[',11,-35.2841499530933,-5.74258399696659,']'
'[',11,-35.2845065861677,-5.74206281801234,']'
'[',11,-35.2849786461034,-5.74125030767505,']'
'[',11,-35.2850226891754,-5.74109938954996,']'
'[',11,-35.2850877668723,-5.74066582366867,']'
'[',11,-35.2858901688616,-5.74076185094772,']'
'[',11,-35.2864902889253,-5.74086664008025,']'
'[',11,-35.2866235094979,-5.73993599247678,']'
'[',11,-35.2868193793708,-5.73856030824428,']'
'[',11,-35.2869712472208,-5.73693655761523,']'
'[',11,-35.2855360337506,-5.73671544193444,']'
'[',11,-35.285664901315,-5.73536461722162,']'
'[',11,-35.2857675680364,-5.7339571020063,']'
'[',11,-35.2859934596181,-5.73196241045285,']'
'[',11,-35.2861839727474,-5.73145922104944,']'
'[',11,-35.2854362113119,-5.73108257424648,']'
'[',11,-35.2840771257326,-5.73043830856422,']'
'[',11,-35.2830637787205,-5.72989804345588,']'
'[',11,-35.2814890814187,-5.72917045279222,']'
'[',11,-35.2798527770572,-5.72837470737711,']'
'[',11,-35.2781103710125,-5.72752920142813,']'
'[',11,-35.2770478806867,-5.72839451688608,']'
'[',11,-35.276513617725,-5.72876789241582,']'
'[',11,-35.275697799381,-5.72941886447935,']'
'[',11,-35.274800364609,-5.73023489685119,']'
'[',11,-35.2743041871256,-5.73083646724517,']'
'[',11,-35.2739288171267,-5.73160600244927,']'
'[',11,-35.2736300912189,-5.73248719585649,']'
'[',11,-35.2733887977385,-5.73320850800626,']'
'[',11,-35.2728951324113,-5.73442254640915,']'
'[',11,-35.2721833956794,-5.73541455265875,']'
'[',11,-35.2711056408758,-5.73676413634716,']'
'[',11,-35.27067990697,-5.73726877956696,']'
'[',12,-35.2450044145753,-5.73648804959259,']'
'[',12,-35.2450771108476,-5.73658177582464,']'
'[',12,-35.2456303939147,-5.73700502959845,']'
'[',12,-35.2465966224851,-5.73780916056235,']'
'[',12,-35.2475465467861,-5.73854261884434,']'
'[',12,-35.2483503339227,-5.73915138775511,']'
'[',12,-35.2490492652537,-5.7382676672252,']'
'[',12,-35.250029664969,-5.73693986141632,']'
'[',12,-35.2484654923226,-5.73572096033061,']'
'[',12,-35.2477659791547,-5.7351606744487,']'
'[',12,-35.2462389337544,-5.73577623910191,']'
'[',12,-35.245994738651,-5.73521353646522,']'
'[',12,-35.2456357082634,-5.73534763421255,']'
'[',12,-35.2456521553591,-5.73542860701284,']'
'[',12,-35.245446500081,-5.73577658614931,']'
'[',12,-35.2455713955203,-5.736127746448,']'
'[',12,-35.2450044145753,-5.73648804959259,']'
'[',13,-35.2335574064767,-5.75464654204323,']'
'[',13,-35.2344752061973,-5.75516865232381,']'
'[',13,-35.2346825609865,-5.75482178479326,']'
'[',13,-35.2349272814047,-5.75430578329374,']'
'[',13,-35.2343067848878,-5.75400616767627,']'
'[',13,-35.2340568916271,-5.75384559143973,']'
'[',13,-35.2339681511283,-5.75398598793819,']'
'[',13,-35.2335574064767,-5.75464654204323,']'
'[',14,-35.2349272814047,-5.75430578329374,']'
'[',14,-35.2346825609865,-5.75482178479326,']'
'[',14,-35.2344752061973,-5.75516865232381,']'
'[',14,-35.235512881014,-5.75572444090004,']'
'[',14,-35.2360195969825,-5.7550128319268,']'
'[',14,-35.2356761293709,-5.75476079942027,']'
'[',14,-35.2349272814047,-5.75430578329374,']'
'[',15,-35.2291741631375,-5.75562328102692,']'
'[',15,-35.2293256206376,-5.75560265707473,']'
'[',15,-35.2293009744596,-5.75514772846169,']'
'[',15,-35.2284456988618,-5.75505090923809,']'
'[',15,-35.2281500558592,-5.75500266569789,']'
'[',15,-35.2274682189891,-5.75465619086731,']'
'[',15,-35.2266397503805,-5.7542546473734,']'
'[',15,-35.2263891302181,-5.75464803039933,']'
'[',15,-35.2262221858822,-5.75509079283073,']'
'[',15,-35.2272957757665,-5.75570409479386,']'
'[',15,-35.2260811350508,-5.75577622053187,']'
'[',15,-35.2258668216725,-5.75580853666116,']'
'[',15,-35.2255819636969,-5.75608151924871,']'
'[',15,-35.2253294683618,-5.75644114249361,']'
'[',15,-35.2258533298666,-5.75675011960474,']'
'[',15,-35.2271202928635,-5.75742806531576,']'
'[',15,-35.2276313415129,-5.75650170988348,']'
'[',15,-35.2282076660029,-5.75571339020675,']'
'[',15,-35.2282675969226,-5.75568453765395,']'
'[',15,-35.2291741631375,-5.75562328102692,']'
'[',16,-35.1977288652167,-5.76766785287412,']'
'[',16,-35.1968688869389,-5.76771884801062,']'
'[',16,-35.1968161221052,-5.76795099457049,']'
'[',16,-35.1967300126143,-5.76832469846257,']'
'[',16,-35.1967111367855,-5.76855671419382,']'
'[',16,-35.1966389299548,-5.76887379301101,']'
'[',16,-35.196533541763,-5.76937485712349,']'
'[',16,-35.1964531130559,-5.76975702487386,']'
'[',16,-35.1963607589086,-5.77018248693051,']'
'[',16,-35.1965045171645,-5.77021605062874,']'
'[',16,-35.1966485928391,-5.77026054739361,']'
'[',16,-35.1968096835499,-5.77034245196631,']'
'[',16,-35.1968503972224,-5.77021649170063,']'
'[',16,-35.196879178098,-5.76986211927549,']'
'[',16,-35.1969176702127,-5.76942015047538,']'
'[',16,-35.1969225057855,-5.76911015320303,']'
'[',16,-35.1969206873081,-5.76889881118609,']'
'[',16,-35.1969141469234,-5.76876598848092,']'
'[',16,-35.1969298561161,-5.76867031753126,']'
'[',16,-35.1969345974277,-5.76859683026606,']'
'[',16,-35.1969361189417,-5.76847001496959,']'
'[',16,-35.1969580856788,-5.76843369887418,']'
'[',16,-35.1970412306575,-5.76836695381134,']'
'[',16,-35.1969597401282,-5.7682808896449,']'
'[',16,-35.1970365670078,-5.76818469005228,']'
'[',16,-35.197055435071,-5.76816278764033,']'
'[',16,-35.1971975161465,-5.76802366879117,']'
'[',16,-35.1974203208606,-5.76790728325959,']'
'[',16,-35.1976290547023,-5.76784278997388,']'
'[',16,-35.1977395345782,-5.76780685283322,']'
'[',16,-35.1977513664994,-5.76780300411812,']'
'[',16,-35.1977288652167,-5.76766785287412,']'
'[',17,-35.2036962435338,-5.77113449402984,']'
'[',17,-35.2043791782942,-5.77072210845636,']'
'[',17,-35.2043301973027,-5.77062493468544,']'
'[',17,-35.2042867142902,-5.77027473453015,']'
'[',17,-35.2042362096513,-5.77006140123776,']'
'[',17,-35.2041479757249,-5.76993868634857,']'
'[',17,-35.2040674919724,-5.76999999357534,']'
'[',17,-35.2040938003154,-5.76968830081346,']'
'[',17,-35.2041003726342,-5.76951810932944,']'
'[',17,-35.2037202269449,-5.76965366190899,']'
'[',17,-35.2032863434209,-5.77022735449731,']'
'[',17,-35.2032879285484,-5.77028820066877,']'
'[',17,-35.2034735652528,-5.77046057248752,']'
'[',17,-35.2036962435338,-5.77113449402984,']'
'[',18,-35.1975775919713,-5.77751132372493,']'
'[',18,-35.1975254438187,-5.77748719524847,']'
'[',18,-35.1973457081351,-5.77767442225388,']'
'[',18,-35.1973507507072,-5.77778215087576,']'
'[',18,-35.1973939486213,-5.77788509755946,']'
'[',18,-35.1974070975001,-5.77799511197945,']'
'[',18,-35.1974181428776,-5.77815958788507,']'
'[',18,-35.1974639805945,-5.77834710080911,']'
'[',18,-35.1975270134151,-5.77849399682392,']'
'[',18,-35.1976330164213,-5.77868475265253,']'
'[',18,-35.1978444952452,-5.77892955357599,']'
'[',18,-35.1979953664634,-5.77905641362916,']'
'[',18,-35.1984150366078,-5.77929345687602,']'
'[',18,-35.1987432554358,-5.77951347507377,']'
'[',18,-35.1991465735129,-5.77977523688533,']'
'[',18,-35.1994032741355,-5.77997264952379,']'
'[',18,-35.1995438599907,-5.77984172845041,']'
'[',18,-35.1993339776298,-5.77962679203422,']'
'[',18,-35.1992477079985,-5.77960366491587,']'
'[',18,-35.1990308829064,-5.77947242644958,']'
'[',18,-35.198876796037,-5.77941161835987,']'
'[',18,-35.198653204873,-5.77932559055099,']'
'[',18,-35.1986253754161,-5.77930831958665,']'
'[',18,-35.1986701091741,-5.77920966699769,']'
'[',18,-35.1985352000155,-5.77902249919017,']'
'[',18,-35.1980344072189,-5.77860419253244,']'
'[',18,-35.1979477218254,-5.77859740148976,']'
'[',18,-35.1979573515295,-5.77845293811026,']'
'[',18,-35.1978509525482,-5.77828713084001,']'
'[',18,-35.1977334597936,-5.77819795757568,']'
'[',18,-35.1976658710925,-5.77797007530261,']'
'[',18,-35.197651792537,-5.77769472761023,']'
'[',18,-35.1976149613766,-5.7776027071134,']'
'[',18,-35.1975775919713,-5.77751132372493,']'
'[',19,-35.1954331467616,-5.78001341146096,']'
'[',19,-35.1950153917137,-5.78042342735654,']'
'[',19,-35.1947346176055,-5.78073298575961,']'
'[',19,-35.1943273181208,-5.78122985492488,']'
'[',19,-35.1942075908409,-5.78139423174955,']'
'[',19,-35.1940599364417,-5.78163784117822,']'
'[',19,-35.1939537328242,-5.78184534864938,']'
'[',19,-35.193840249083,-5.78203985019135,']'
'[',19,-35.1936618696479,-5.78227949771123,']'
'[',19,-35.1935250995844,-5.78243498701696,']'
'[',19,-35.1934371576577,-5.78250339374997,']'
'[',19,-35.1930894877459,-5.7827147308356,']'
'[',19,-35.1927761738407,-5.78321123670537,']'
'[',19,-35.1925819771945,-5.78347411700789,']'
'[',19,-35.1924130767996,-5.78366439746537,']'
'[',19,-35.1923601765802,-5.78373244398945,']'
'[',19,-35.1923576287823,-5.78379177341927,']'
'[',19,-35.1923642174234,-5.78382048088538,']'
'[',19,-35.1924137740784,-5.7838454237731,']'
'[',19,-35.1925490639709,-5.7837747522924,']'
'[',19,-35.1931760080039,-5.78347363174907,']'
'[',19,-35.1933990715583,-5.78331436931457,']'
'[',19,-35.1934501817007,-5.7830924113846,']'
'[',19,-35.1935897718949,-5.78296515163822,']'
'[',19,-35.1936577174717,-5.78300788335454,']'
'[',19,-35.1937680322231,-5.78290562820382,']'
'[',19,-35.1938133583388,-5.7829416587626,']'
'[',19,-35.1949412514922,-5.78189185682565,']'
'[',19,-35.1949656940597,-5.78178540794556,']'
'[',19,-35.1951165016693,-5.78163773894868,']'
'[',19,-35.1950276553619,-5.78144800239308,']'
'[',19,-35.1952321544714,-5.78116209142783,']'
'[',19,-35.1955751785029,-5.78105893624267,']'
'[',19,-35.1957962166002,-5.780960778452,']'
'[',19,-35.1959290239159,-5.78080798367028,']'
'[',19,-35.1958460316047,-5.78074614296515,']'
'[',19,-35.1960249805267,-5.78051752454833,']'
'[',19,-35.1958399294625,-5.78038018921865,']'
'[',19,-35.1955181988013,-5.78020216618155,']'
'[',19,-35.1955564052216,-5.78010417328954,']'
'[',19,-35.1954331467616,-5.78001341146096,']'
'[',20,-35.1853053698359,-5.79730665777749,']'
'[',20,-35.1853222299938,-5.79744081625395,']'
'[',20,-35.1853716387941,-5.79753883787692,']'
'[',20,-35.1855771454085,-5.79773050141429,']'
'[',20,-35.1863340437187,-5.79680883536767,']'
'[',20,-35.1864567834176,-5.79690159758269,']'
'[',20,-35.1872717704346,-5.79585399523945,']'
'[',20,-35.1875990704808,-5.79609996379654,']'
'[',20,-35.1877872683243,-5.79580695717315,']'
'[',20,-35.1873821378635,-5.79545024402643,']'
'[',20,-35.1870229868998,-5.79508182927417,']'
'[',20,-35.1868475209223,-5.79487822531976,']'
'[',20,-35.1865818503929,-5.79461001845749,']'
'[',20,-35.1863243968548,-5.79495483394798,']'
'[',20,-35.1858052784419,-5.79574630770685,']'
'[',20,-35.1856539146345,-5.79598909667823,']'
'[',20,-35.1854823652114,-5.79658247688858,']'
'[',20,-35.185316331626,-5.79718221314278,']'
'[',20,-35.1853053698359,-5.79730665777749,']'
'[',21,-35.1868260831406,-5.7948568076677,']'
'[',21,-35.1874265623623,-5.79418009813542,']'
'[',21,-35.1876136489967,-5.79393695805434,']'
'[',21,-35.1876792573941,-5.79378631055515,']'
'[',21,-35.1878541878495,-5.79357925836639,']'
'[',21,-35.1879563769303,-5.79344555699486,']'
'[',21,-35.1879724745932,-5.79338165688903,']'
'[',21,-35.188278515158,-5.79306455896304,']'
'[',21,-35.1885089601885,-5.79322674033124,']'
'[',21,-35.1890250487346,-5.79262626622558,']'
'[',21,-35.1886994828409,-5.79230270773669,']'
'[',21,-35.1888239818162,-5.79213853989474,']'
'[',21,-35.1889237518223,-5.79218419142219,']'
'[',21,-35.1894451384558,-5.79156456607277,']'
'[',21,-35.1895296852924,-5.79145031336674,']'
'[',21,-35.1896209409396,-5.79138055755302,']'
'[',21,-35.189770780539,-5.79124510064587,']'
'[',21,-35.18982674956,-5.79117940965291,']'
'[',21,-35.1898409148269,-5.79112304665984,']'
'[',21,-35.1903700229522,-5.79033399599807,']'
'[',21,-35.1904390967806,-5.79027611132922,']'
'[',21,-35.1906277885129,-5.79001748746512,']'
'[',21,-35.1907380383406,-5.78981401418432,']'
'[',21,-35.1907783932168,-5.78976802593482,']'
'[',21,-35.1907665604305,-5.78975104825353,']'
'[',21,-35.1909541291742,-5.78956699420652,']'
'[',21,-35.1914114801502,-5.78915797399194,']'
'[',21,-35.1916734679466,-5.788946132845,']'
'[',21,-35.1918677955044,-5.78881967026135,']'
'[',21,-35.1922318558775,-5.78863100521243,']'
'[',21,-35.192556041042,-5.78895188671026,']'
'[',21,-35.1928785296234,-5.78849362673103,']'
'[',21,-35.1930067312522,-5.78817230537487,']'
'[',21,-35.1930295586769,-5.78798888822187,']'
'[',21,-35.1930603520474,-5.78783686807219,']'
'[',21,-35.1932939733073,-5.78772858616995,']'
'[',21,-35.1930527883594,-5.78711549301423,']'
'[',21,-35.1924374676278,-5.78741123426694,']'
'[',21,-35.1923482506882,-5.78745314022965,']'
'[',21,-35.1921760776307,-5.78750495789308,']'
'[',21,-35.1920132588941,-5.78749919328476,']'
'[',21,-35.1919294939577,-5.78741054317316,']'
'[',21,-35.1918692720987,-5.787410233731,']'
'[',21,-35.1917577600726,-5.78746501380711,']'
'[',21,-35.191477192935,-5.78755241726405,']'
'[',21,-35.1910278044599,-5.78773318611294,']'
'[',21,-35.190814503888,-5.78788107253057,']'
'[',21,-35.1906336227075,-5.7880794367231,']'
'[',21,-35.1905058806847,-5.78820918219032,']'
'[',21,-35.1902201831974,-5.78863218382991,']'
'[',21,-35.1900226667645,-5.78898005752384,']'
'[',21,-35.1888105116346,-5.790786951908,']'
'[',21,-35.1881258445698,-5.79177252518896,']'
'[',21,-35.1879393255383,-5.79198559758256,']'
'[',21,-35.1875851951717,-5.79223558376931,']'
'[',21,-35.1867749038669,-5.79296507320725,']'
'[',21,-35.1865161677274,-5.79315226596122,']'
'[',21,-35.1862617455578,-5.79339877862324,']'
'[',21,-35.1856163489735,-5.79411922476462,']'
'[',21,-35.1855457250211,-5.79420565510771,']'
'[',21,-35.1859064946115,-5.79451936085729,']'
'[',21,-35.1863533830722,-5.7949145773771,']'
'[',21,-35.1865814301818,-5.79460963657849,']'
'[',21,-35.1868260831406,-5.7948568076677,']'
'[',22,-35.2263810868554,-5.81102277609128,']'
'[',22,-35.227395035196,-5.81066890190198,']'
'[',22,-35.2281295749385,-5.81038306255708,']'
'[',22,-35.2285679906498,-5.81020396769862,']'
'[',22,-35.2282155314157,-5.80947518369945,']'
'[',22,-35.2280218832472,-5.8090178440387,']'
'[',22,-35.2276772348787,-5.80803516539105,']'
'[',22,-35.2275174159322,-5.80759160564827,']'
'[',22,-35.2266218492747,-5.80789937499367,']'
'[',22,-35.2260318343112,-5.80811809816255,']'
'[',22,-35.2250195798778,-5.80848135534655,']'
'[',22,-35.2251148920123,-5.80875479601238,']'
'[',22,-35.2256249340524,-5.8085854542539,']'
'[',22,-35.2257964587837,-5.80891335787228,']'
'[',22,-35.2252744471864,-5.80913142509458,']'
'[',22,-35.2255544265767,-5.80990697180311,']'
'[',22,-35.2257052224734,-5.8102911235132,']'
'[',22,-35.2263335488125,-5.81005134020909,']'
'[',22,-35.2259840361476,-5.80929820304353,']'
'[',22,-35.226819247126,-5.80899263255568,']'
'[',22,-35.226938482912,-5.80916557835867,']'
'[',22,-35.2272679627643,-5.80946243416309,']'
'[',22,-35.2275850959379,-5.81024732356206,']'
'[',22,-35.2272449401349,-5.81038546813984,']'
'[',22,-35.2273130632132,-5.81054113665771,']'
'[',22,-35.2263373960712,-5.81093483318539,']'
'[',22,-35.2263810868554,-5.81102277609128,']'
'[',23,-35.2195394974658,-5.81031752088111,']'
'[',23,-35.2198100939161,-5.81019175650078,']'
'[',23,-35.2193392649788,-5.80916360644028,']'
'[',23,-35.2189040839622,-5.8082011027571,']'
'[',23,-35.2187663248538,-5.80789797289751,']'
'[',23,-35.2184693097275,-5.80801836002088,']'
'[',23,-35.2188986048773,-5.80894687766146,']'
'[',23,-35.2192201428112,-5.80961591227019,']'
'[',23,-35.2195394974658,-5.81031752088111,']'
'[',24,-35.2175847820904,-5.80832369948083,']'
'[',24,-35.2172538693424,-5.80844981111961,']'
'[',24,-35.2165754591954,-5.80869013672664,']'
'[',24,-35.2149365035959,-5.80929008684338,']'
'[',24,-35.215140228951,-5.80988495468894,']'
'[',24,-35.2156324746415,-5.80969650255671,']'
'[',24,-35.215547402013,-5.80946518763536,']'
'[',24,-35.2158355002582,-5.80934372184241,']'
'[',24,-35.2159023966989,-5.80953900558322,']'
'[',24,-35.2162295367845,-5.80940836086225,']'
'[',24,-35.2163480628814,-5.80973882125043,']'
'[',24,-35.2163620862383,-5.80978039465542,']'
'[',24,-35.2166107352333,-5.81044526507126,']'
'[',24,-35.2155083997818,-5.81087613726549,']'
'[',24,-35.2158303495199,-5.81172324805727,']'
'[',24,-35.2169360558991,-5.81130854043737,']'
'[',24,-35.2178184231278,-5.8109530922134,']'
'[',24,-35.2174754261373,-5.81003864142398,']'
'[',24,-35.2181386315486,-5.80976724496222,']'
'[',24,-35.2178661739831,-5.80905012663076,']'
'[',24,-35.2175847820904,-5.80832369948083,']'
'[',25,-35.2110787651075,-5.81247163718261,']'
'[',25,-35.2109337714822,-5.81253147237614,']'
'[',25,-35.2105418972129,-5.81267272073054,']'
'[',25,-35.2105738205449,-5.81275431543449,']'
'[',25,-35.2111037111855,-5.81254794151336,']'
'[',25,-35.2110787651075,-5.81247163718261,']'
'[',26,-35.2082178950039,-5.8156272994877,']'
'[',26,-35.2092560384378,-5.81523241464759,']'
'[',26,-35.2091348918434,-5.81492917803434,']'
'[',26,-35.2090644549545,-5.81496241441604,']'
'[',26,-35.2090192666909,-5.8148354568614,']'
'[',26,-35.2080797317155,-5.81518286792351,']'
'[',26,-35.2082178950039,-5.8156272994877,']'
'[',27,-35.1963582118465,-5.81493514625975,']'
'[',27,-35.1961310314402,-5.81430430451629,']'
'[',27,-35.1961135166682,-5.81373914437188,']'
'[',27,-35.196066735921,-5.81352960363023,']'
'[',27,-35.1959714440494,-5.81332280915512,']'
'[',27,-35.1953047642457,-5.81262717825133,']'
'[',27,-35.1950232679528,-5.81247737443913,']'
'[',27,-35.1948571261561,-5.81243965631349,']'
'[',27,-35.1946988834443,-5.81246328973804,']'
'[',27,-35.1945104819606,-5.81251923601843,']'
'[',27,-35.1945564190342,-5.81260451126536,']'
'[',27,-35.1949345115004,-5.81263884801681,']'
'[',27,-35.1954699596574,-5.81304340750242,']'
'[',27,-35.1957802703798,-5.81341562609992,']'
'[',27,-35.195855409977,-5.81369411166087,']'
'[',27,-35.1959417169261,-5.81421808279844,']'
'[',27,-35.195748019006,-5.81431858244925,']'
'[',27,-35.1957490902539,-5.81459479850732,']'
'[',27,-35.1957981471303,-5.81473271778284,']'
'[',27,-35.1959689903753,-5.81466555569533,']'
'[',27,-35.1962561710277,-5.81496367684206,']'
'[',27,-35.1963582118465,-5.81493514625975,']'
'[',28,-35.2114831030092,-5.82124207590456,']'
'[',28,-35.2112861250896,-5.82069842779749,']'
'[',28,-35.2111792560007,-5.82074430214,']'
'[',28,-35.2109340211537,-5.82085583604796,']'
'[',28,-35.2102615714797,-5.82113999027221,']'
'[',28,-35.2102395055963,-5.82117023723843,']'
'[',28,-35.2102540198796,-5.82121825448531,']'
'[',28,-35.2104894421148,-5.82178854938744,']'
'[',28,-35.2108896597996,-5.82157461217333,']'
'[',28,-35.2114408077942,-5.82128835016697,']'
'[',28,-35.2114831030092,-5.82124207590456,']'
'[',29,-35.1943015670418,-5.8268618952794,']'
'[',29,-35.1944425395052,-5.82660813391469,']'
'[',29,-35.1948564203941,-5.82590334444235,']'
'[',29,-35.1949250933689,-5.82580082145701,']'
'[',29,-35.1950780503332,-5.82574909782066,']'
'[',29,-35.194993263979,-5.8255689773816,']'
'[',29,-35.1945469707369,-5.82601027667787,']'
'[',29,-35.194227677141,-5.82642635317614,']'
'[',29,-35.1940724703439,-5.82664023159212,']'
'[',29,-35.1943015670418,-5.8268618952794,']'
'[',30,-35.2341329788098,-5.83227918419205,']'
'[',30,-35.2343241998613,-5.83258883626862,']'
'[',30,-35.234616385099,-5.83239802712515,']'
'[',30,-35.234944196051,-5.8321549220208,']'
'[',30,-35.2348492508529,-5.83202624351792,']'
'[',30,-35.235280712717,-5.83172006927391,']'
'[',30,-35.2359953465648,-5.83121352867135,']'
'[',30,-35.2364417079904,-5.83091315815962,']'
'[',30,-35.236359263523,-5.83070977955412,']'
'[',30,-35.2362752533346,-5.83075548286352,']'
'[',30,-35.2355988010193,-5.83119097921011,']'
'[',30,-35.2351486284186,-5.83149556583667,']'
'[',30,-35.2345299216619,-5.83193733676799,']'
'[',30,-35.2341329788098,-5.83227918419205,']'
'[',31,-35.2094047816434,-5.84841856745339,']'
'[',31,-35.2095734641333,-5.84876783196998,']'
'[',31,-35.209657719142,-5.84873191427872,']'
'[',31,-35.2096786223073,-5.84877631442021,']'
'[',31,-35.2098071966151,-5.8487150154951,']'
'[',31,-35.2096698687547,-5.84843235132789,']'
'[',31,-35.2099197768558,-5.84830764628971,']'
'[',31,-35.2104663791467,-5.84803776951006,']'
'[',31,-35.2105171215455,-5.84813987923059,']'
'[',31,-35.2110270335633,-5.84791762448906,']'
'[',31,-35.2113462854045,-5.84776592639641,']'
'[',31,-35.2113776052813,-5.84782363011368,']'
'[',31,-35.2117987736603,-5.84761735170678,']'
'[',31,-35.2118658902261,-5.84774163789881,']'
'[',31,-35.2123092789415,-5.84753823712604,']'
'[',31,-35.212331668632,-5.84758411398859,']'
'[',31,-35.2123818867656,-5.84755277840954,']'
'[',31,-35.2121651716892,-5.84703763701438,']'
'[',31,-35.2118030532599,-5.84719920045274,']'
'[',31,-35.2107642620146,-5.8477311503953,']'
'[',31,-35.2100848998808,-5.84805207316522,']'
'[',31,-35.2094047816434,-5.84841856745339,']'
'[',32,-35.1980622209749,-5.87910891753497,']'
'[',32,-35.1979796594463,-5.87916788392371,']'
'[',32,-35.1976535787714,-5.87943608687233,']'
'[',32,-35.1972450074773,-5.87978145486547,']'
'[',32,-35.1968826735864,-5.8800740657166,']'
'[',32,-35.1963894803744,-5.88046829727787,']'
'[',32,-35.1959426038319,-5.88082999253461,']'
'[',32,-35.1954978015085,-5.88120583433042,']'
'[',32,-35.195091215006,-5.88154310539647,']'
'[',32,-35.1951908439562,-5.88171661587003,']'
'[',32,-35.1961408938383,-5.88093031836083,']'
'[',32,-35.1968494403322,-5.88035324874894,']'
'[',32,-35.1975036383957,-5.87982087926359,']'
'[',32,-35.1979806358685,-5.87941660038801,']'
'[',32,-35.1982281537527,-5.87919723739795,']'
'[',32,-35.1981105256521,-5.87906828505218,']'
'[',32,-35.1980622209749,-5.87910891753497,']'
'[',33,-35.1748232895578,-5.89242062986059,']'
'[',33,-35.1745072666432,-5.89226267300429,']'
'[',33,-35.1743096811398,-5.89214564322795,']'
'[',33,-35.1743189097594,-5.89206601199437,']'
'[',33,-35.1742294262211,-5.89194856027251,']'
'[',33,-35.173829680573,-5.89217298675219,']'
'[',33,-35.1745641572599,-5.8925018733366,']'
'[',33,-35.1746111136801,-5.89239439571555,']'
'[',33,-35.1748069112601,-5.89246049139212,']'
'[',33,-35.1748232895578,-5.89242062986059,']'
'[',34,-35.2574163680984,-5.84005029904409,']'
'[',34,-35.2578796632331,-5.83953937686792,']'
'[',34,-35.2570051841056,-5.83895355266783,']'
'[',34,-35.2571172800799,-5.83882583560014,']'
'[',34,-35.258372084628,-5.83787754612378,']'
'[',34,-35.25905002848,-5.83745025770169,']'
'[',34,-35.2588430967568,-5.83735336222553,']'
'[',34,-35.2571441688629,-5.83652850375691,']'
'[',34,-35.255210287904,-5.83549500747979,']'
'[',34,-35.2539453413885,-5.83591529310806,']'
'[',34,-35.2535978734813,-5.83665593645074,']'
'[',34,-35.2528425284184,-5.83720979572171,']'
'[',34,-35.2525526532875,-5.83815637670243,']'
'[',34,-35.2520613414614,-5.83926752537616,']'
'[',34,-35.2507775726639,-5.84072339103497,']'
'[',34,-35.2503203656116,-5.84107644617667,']'
'[',34,-35.250354657453,-5.84134513947277,']'
'[',34,-35.2503801828433,-5.84153508154416,']'
'[',34,-35.2503808262988,-5.8416962035852,']'
'[',34,-35.2503636213964,-5.84182712351351,']'
'[',34,-35.2503139410223,-5.84206499447726,']'
'[',34,-35.2503215340809,-5.84219329562187,']'
'[',34,-35.250957168177,-5.8427830439614,']'
'[',34,-35.2511521638178,-5.8423764583034,']'
'[',34,-35.2521436374945,-5.84018692182569,']'
'[',34,-35.2538411653187,-5.8409294220267,']'
'[',34,-35.2532166208348,-5.84248274319689,']'
'[',34,-35.255013672981,-5.84341034568917,']'
'[',34,-35.255546730655,-5.84206410825085,']'
'[',34,-35.2560545674155,-5.8409445291349,']'
'[',34,-35.2567994844176,-5.84169483846709,']'
'[',34,-35.2571528586263,-5.84138657940214,']'
'[',34,-35.2568932612785,-5.84103828415162,']'
'[',34,-35.2573569406794,-5.84068366262205,']'
'[',34,-35.2575813399789,-5.84085808010874,']'
'[',34,-35.257818635762,-5.84059289897784,']'
'[',34,-35.2577758983374,-5.84054795214312,']'
'[',34,-35.2574163680984,-5.84005029904409,']'
'[',35,-35.2449610111446,-5.83637401286226,']'
'[',35,-35.2454618060056,-5.83695787239352,']'
'[',35,-35.2456476562227,-5.83699742024574,']'
'[',35,-35.2456281434193,-5.83671566879012,']'
'[',35,-35.2455246328537,-5.83593943571143,']'
'[',35,-35.2453557071304,-5.83602826854468,']'
'[',35,-35.2449610111446,-5.83637401286226,']'
'[',36,-35.245359523337,-5.835102591179,']'
'[',36,-35.2453230221802,-5.83459569047009,']'
'[',36,-35.2452702103564,-5.83412022998677,']'
'[',36,-35.2451298041673,-5.83322303373315,']'
'[',36,-35.2450038329316,-5.83223010055177,']'
'[',36,-35.2449131026438,-5.83231596734017,']'
'[',36,-35.2440631635751,-5.83304588983726,']'
'[',36,-35.2438133075664,-5.83330539975471,']'
'[',36,-35.2439521509723,-5.83352576340967,']'
'[',36,-35.2448362037457,-5.8344764475073,']'
'[',36,-35.245359523337,-5.835102591179,']'
'[',37,-35.2444404516357,-5.82738630694414,']'
'[',37,-35.2445245800432,-5.82697929441565,']'
'[',37,-35.2443355125834,-5.82630847178894,']'
'[',37,-35.2442186923184,-5.82606130568908,']'
'[',37,-35.2431771018227,-5.82663256336587,']'
'[',37,-35.2432108906634,-5.82669212403847,']'
'[',37,-35.2432969698873,-5.82684142701978,']'
'[',37,-35.243488864343,-5.82719908923038,']'
'[',37,-35.2435829628023,-5.82738627315024,']'
'[',37,-35.243669166476,-5.82750159053107,']'
'[',37,-35.2440415994987,-5.82740683201356,']'
'[',37,-35.2444404516357,-5.82738630694414,']'
'[',38,-35.2801200770626,-5.83569676758205,']'
'[',38,-35.28026965946,-5.83566760538535,']'
'[',38,-35.2801611031289,-5.8354183774242,']'
'[',38,-35.2800769259317,-5.83428637202358,']'
'[',38,-35.2796942568989,-5.83386115914016,']'
'[',38,-35.2793401512509,-5.83359869945789,']'
'[',38,-35.2790239722587,-5.83376417575752,']'
'[',38,-35.2785408621693,-5.83278823926098,']'
'[',38,-35.2784747704783,-5.83251232453827,']'
'[',38,-35.2780730289441,-5.83247111730154,']'
'[',38,-35.2779688494648,-5.83315211922903,']'
'[',38,-35.2784423631374,-5.8339021714825,']'
'[',38,-35.2788985627813,-5.83448333787453,']'
'[',38,-35.2791871784121,-5.83495572941772,']'
'[',38,-35.2795158889837,-5.83553978023424,']'
'[',38,-35.2796985260368,-5.83545813196642,']'
'[',38,-35.2798423553126,-5.83576928284701,']'
'[',38,-35.2799312638329,-5.83601402614963,']'
'[',38,-35.2800783451196,-5.83595393868513,']'
'[',38,-35.2801200770626,-5.83569676758205,']'
'[',39,-35.2494591731447,-5.81709569792323,']'
'[',39,-35.2493611130925,-5.81711935286451,']'
'[',39,-35.2483679735001,-5.81772669311169,']'
'[',39,-35.2479530282261,-5.81796619462702,']'
'[',39,-35.2475584943881,-5.81806965590433,']'
'[',39,-35.2474139534956,-5.81815190779612,']'
'[',39,-35.2472776807267,-5.81824097884777,']'
'[',39,-35.2473277375933,-5.81829360210394,']'
'[',39,-35.24771652826,-5.81860420909091,']'
'[',39,-35.2487191351117,-5.81928690127876,']'
'[',39,-35.248946630545,-5.81945394272378,']'
'[',39,-35.2491775184171,-5.81955599720161,']'
'[',39,-35.2496220386761,-5.81904346690862,']'
'[',39,-35.2499731266853,-5.81860433561261,']'
'[',39,-35.2501824662859,-5.81837847713637,']'
'[',39,-35.250296202411,-5.81817413514866,']'
'[',39,-35.250207908462,-5.81804778989935,']'
'[',39,-35.2499110974324,-5.81756731045137,']'
'[',39,-35.2496024937008,-5.81706053640296,']'
'[',39,-35.2494591731447,-5.81709569792323,']'
'[',40,-35.2449796403305,-5.81707738068575,']'
'[',40,-35.2448387037829,-5.816949728536,']'
'[',40,-35.2444741658655,-5.81707415430384,']'
'[',40,-35.2446067497433,-5.81741973689794,']'
'[',40,-35.2447647342772,-5.81782159187002,']'
'[',40,-35.2448499698842,-5.81803698595946,']'
'[',40,-35.2449800921358,-5.81802385943334,']'
'[',40,-35.245097349576,-5.81794353716521,']'
'[',40,-35.2450188912665,-5.81784049351463,']'
'[',40,-35.2449581210847,-5.81787015566627,']'
'[',40,-35.2449285609383,-5.81782824427161,']'
'[',40,-35.245167191912,-5.81764656887854,']'
'[',40,-35.2452937122289,-5.81756889075879,']'
'[',40,-35.2453450557138,-5.81750968642882,']'
'[',40,-35.2449796403305,-5.81707738068575,']'
'[',41,-35.239984223176,-5.81862356718579,']'
'[',41,-35.2413045535599,-5.81814643298842,']'
'[',41,-35.2406180892963,-5.81715588097905,']'
'[',41,-35.2399713071154,-5.81630524409114,']'
'[',41,-35.239276267379,-5.81647959927124,']'
'[',41,-35.2387297065097,-5.81667976452321,']'
'[',41,-35.2393865319381,-5.81768033791909,']'
'[',41,-35.239984223176,-5.81862356718579,']'
'[',42,-35.2419998021828,-5.81110061233556,']'
'[',42,-35.2421366788906,-5.81102364182511,']'
'[',42,-35.2423218863299,-5.81089278720237,']'
'[',42,-35.2422765853155,-5.81076074283728,']'
'[',42,-35.2424278727988,-5.81064087077996,']'
'[',42,-35.2419988069546,-5.81007520987733,']'
'[',42,-35.2418772517077,-5.80989156159405,']'
'[',42,-35.241595265928,-5.80959178485839,']'
'[',42,-35.2414568435286,-5.80969925890603,']'
'[',42,-35.2414398053683,-5.80976429119222,']'
'[',42,-35.2412488668728,-5.80999601743012,']'
'[',42,-35.2412865485251,-5.81003943113983,']'
'[',42,-35.2412810633117,-5.81011019561127,']'
'[',42,-35.241111872717,-5.81023336952813,']'
'[',42,-35.2408516256973,-5.81031972210356,']'
'[',42,-35.2408524769801,-5.81041306657755,']'
'[',42,-35.2410169830319,-5.8105566813638,']'
'[',42,-35.241231115951,-5.81060679917241,']'
'[',42,-35.2414015875331,-5.81062870744964,']'
'[',42,-35.241487175785,-5.81072874436,']'
'[',42,-35.2416633437735,-5.81092377948199,']'
'[',42,-35.2417808942751,-5.8109992050963,']'
'[',42,-35.2419998021828,-5.81110061233556,']'
'[',43,-35.2330685932943,-5.80853427777119,']'
'[',43,-35.2335069709347,-5.80837964501466,']'
'[',43,-35.233076265922,-5.80802716384637,']'
'[',43,-35.23253478089,-5.80763345646771,']'
'[',43,-35.2321416453726,-5.80734300976257,']'
'[',43,-35.2320022686782,-5.80743948079312,']'
'[',43,-35.2325604934118,-5.80799249314468,']'
'[',43,-35.2327809286963,-5.8082150518957,']'
'[',43,-35.2330685932943,-5.80853427777119,']'
'[',44,-35.2388735676876,-5.80103192883258,']'
'[',44,-35.2383339698521,-5.80142090722493,']'
'[',44,-35.2381776274444,-5.80155805824614,']'
'[',44,-35.2380877410713,-5.80189176463947,']'
'[',44,-35.2377463339954,-5.80262607466286,']'
'[',44,-35.2377010613205,-5.80290608136296,']'
'[',44,-35.2380598747544,-5.80363289430784,']'
'[',44,-35.2383744909504,-5.80406882460406,']'
'[',44,-35.2387037136009,-5.80437163584586,']'
'[',44,-35.2390013160247,-5.80456544161274,']'
'[',44,-35.2395376014854,-5.80490995555486,']'
'[',44,-35.2399104022405,-5.80515237196737,']'
'[',44,-35.2405080075802,-5.80445003806019,']'
'[',44,-35.2407469953651,-5.80375703698931,']'
'[',44,-35.2408963550124,-5.8032946947608,']'
'[',44,-35.2408338713918,-5.8031785348264,']'
'[',44,-35.2404812080139,-5.80330674494832,']'
'[',44,-35.2402864476671,-5.80314341303624,']'
'[',44,-35.2395046213378,-5.80328307231984,']'
'[',44,-35.2393565904947,-5.80282171240297,']'
'[',44,-35.2394272890538,-5.80260809349359,']'
'[',44,-35.2391607216255,-5.80189471218768,']'
'[',44,-35.2388735676876,-5.80103192883258,']'
'[',45,-35.2437584808375,-5.80662967797573,']'
'[',45,-35.2439567372312,-5.80691980602677,']'
'[',45,-35.2445687976245,-5.80644338909764,']'
'[',45,-35.2447723622114,-5.80669179517904,']'
'[',45,-35.2450006819658,-5.80670030319445,']'
'[',45,-35.2450605784476,-5.80670049584849,']'
'[',45,-35.2451219836571,-5.80665341969771,']'
'[',45,-35.245212747228,-5.80654624852813,']'
'[',45,-35.2453808877981,-5.80639406575887,']'
'[',45,-35.2455102269771,-5.80626946488237,']'
'[',45,-35.2457136727888,-5.80666617744091,']'
'[',45,-35.2458085856872,-5.80679377353498,']'
'[',45,-35.2461115082673,-5.8067753118249,']'
'[',45,-35.2464680662573,-5.80651700189863,']'
'[',45,-35.2464400307283,-5.80629275972039,']'
'[',45,-35.2461348996008,-5.8059415317394,']'
'[',45,-35.2460835964369,-5.80586386721858,']'
'[',45,-35.246287070251,-5.8056288216611,']'
'[',45,-35.2463308918199,-5.80549058376302,']'
'[',45,-35.2464583369632,-5.8053322847596,']'
'[',45,-35.2466211449247,-5.80531369559121,']'
'[',45,-35.2467561361219,-5.80519972791595,']'
'[',45,-35.2469717145674,-5.80511165013354,']'
'[',45,-35.2470557378046,-5.80501961935328,']'
'[',45,-35.2469369839354,-5.80486565557592,']'
'[',45,-35.2471553975965,-5.80461382728319,']'
'[',45,-35.2471985915851,-5.80455951478738,']'
'[',45,-35.2468253668223,-5.80407597081358,']'
'[',45,-35.2463383391288,-5.80357214464367,']'
'[',45,-35.2459032695899,-5.80389777018875,']'
'[',45,-35.2461269895444,-5.80423680702031,']'
'[',45,-35.2456410898152,-5.80461541010791,']'
'[',45,-35.2456091654645,-5.80456995910797,']'
'[',45,-35.245437300953,-5.80434701014477,']'
'[',45,-35.2451581343445,-5.80455935795581,']'
'[',45,-35.24544227713,-5.80492186364878,']'
'[',45,-35.2450494239229,-5.80524667792996,']'
'[',45,-35.2447204127132,-5.80517180679202,']'
'[',45,-35.2444346171971,-5.80484717601441,']'
'[',45,-35.2438556940983,-5.80438013164165,']'
'[',45,-35.2436137222857,-5.80477201034208,']'
'[',45,-35.2434117851987,-5.80492242239539,']'
'[',45,-35.2437186454382,-5.80519237870805,']'
'[',45,-35.2444787273423,-5.80582750167856,']'
'[',45,-35.2446287487471,-5.80596203821155,']'
'[',45,-35.2438135326698,-5.80657881425679,']'
'[',45,-35.2437584808375,-5.80662967797573,']'
'[',46,-35.233008520733,-5.80265976295681,']'
'[',46,-35.2322937488769,-5.80292747729854,']'
'[',46,-35.2311050860388,-5.80336631432466,']'
'[',46,-35.2311996966945,-5.80346025885521,']'
'[',46,-35.2324091631924,-5.80446021702582,']'
'[',46,-35.2332488150162,-5.80511354079129,']'
'[',46,-35.2341736241361,-5.80581126686612,']'
'[',46,-35.2348179597391,-5.80634963313507,']'
'[',46,-35.2361170207507,-5.80746953793282,']'
'[',46,-35.2370739918467,-5.80658955151564,']'
'[',46,-35.2387035413244,-5.8050469580201,']'
'[',46,-35.2390314537269,-5.80470998287481,']'
'[',46,-35.2385867444449,-5.80439010967093,']'
'[',46,-35.2381156431671,-5.80389665798195,']'
'[',46,-35.2379023966182,-5.80360159827361,']'
'[',46,-35.2365028238145,-5.80408658145074,']'
'[',46,-35.235491851466,-5.80428958223078,']'
'[',46,-35.2350368814578,-5.80430091047284,']'
'[',46,-35.2345343519492,-5.8042915306116,']'
'[',46,-35.2338647282484,-5.80438509743313,']'
'[',46,-35.2336774157625,-5.8044000446224,']'
'[',46,-35.2334889645487,-5.80368759796726,']'
'[',46,-35.233008520733,-5.80265976295681,']'
'[',47,-35.2465031386542,-5.7839428996205,']'
'[',47,-35.2461588476825,-5.7839601521704,']'
'[',47,-35.2459322282872,-5.78424626218246,']'
'[',47,-35.2454035030637,-5.78584686841027,']'
'[',47,-35.2450376679869,-5.7866428325957,']'
'[',47,-35.2447032507968,-5.78737528958838,']'
'[',47,-35.2444859095547,-5.78790559377907,']'
'[',47,-35.2442802045568,-5.78849248363551,']'
'[',47,-35.2438149286503,-5.78984933533287,']'
'[',47,-35.2434456059126,-5.79071986268087,']'
'[',47,-35.2432124203708,-5.79120709047123,']'
'[',47,-35.2428211948363,-5.79136551116809,']'
'[',47,-35.2429897841842,-5.79155846295071,']'
'[',47,-35.2425766422052,-5.79212091684465,']'
'[',47,-35.2419662874075,-5.79263505907873,']'
'[',47,-35.2414111962179,-5.79297453076772,']'
'[',47,-35.2410469507394,-5.79301911249353,']'
'[',47,-35.2409029579894,-5.79327067839727,']'
'[',47,-35.2407942192151,-5.79340125286137,']'
'[',47,-35.240841496171,-5.79350963185633,']'
'[',47,-35.2408800509903,-5.79362682641748,']'
'[',47,-35.2409479410907,-5.79374390491753,']'
'[',47,-35.2413644926831,-5.79346526289787,']'
'[',47,-35.2417180183971,-5.79324445748734,']'
'[',47,-35.2423431006205,-5.7926933970892,']'
'[',47,-35.2426374472739,-5.79243195722209,']'
'[',47,-35.2430311064314,-5.79196047908624,']'
'[',47,-35.2434174779831,-5.79141767891341,']'
'[',47,-35.243689092889,-5.79088297374316,']'
'[',47,-35.2440591442495,-5.78990331419522,']'
'[',47,-35.2442988518555,-5.78925831174648,']'
'[',47,-35.2445187911877,-5.7886825764971,']'
'[',47,-35.2448325670303,-5.78789946597417,']'
'[',47,-35.2451385300487,-5.78707610685848,']'
'[',47,-35.2454141749163,-5.78640542337945,']'
'[',47,-35.2457819580341,-5.78564558347277,']'
'[',47,-35.246153047912,-5.7850236698937,']'
'[',47,-35.2463071437565,-5.78464805975953,']'
'[',47,-35.2465031386542,-5.7839428996205,']'
'[',48,-35.2164936800822,-5.7880691580832,']'
'[',48,-35.2163156438268,-5.78807027314269,']'
'[',48,-35.2160656758099,-5.78805960778287,']'
'[',48,-35.2159874498585,-5.78812103597179,']'
'[',48,-35.2158628430997,-5.78820650557292,']'
'[',48,-35.2157723197624,-5.78817959737102,']'
'[',48,-35.2156551591713,-5.78786620225388,']'
'[',48,-35.2155523807711,-5.78759300796198,']'
'[',48,-35.2154241393268,-5.78749745938099,']'
'[',48,-35.2153045027921,-5.78737277117838,']'
'[',48,-35.2151032128589,-5.78717563700095,']'
'[',48,-35.2149731534822,-5.7873595125261,']'
'[',48,-35.2147923421357,-5.78719722535576,']'
'[',48,-35.2145404313701,-5.78743396745873,']'
'[',48,-35.2143146750911,-5.7876706073862,']'
'[',48,-35.2139814842758,-5.78793095156375,']'
'[',48,-35.2136905971085,-5.78812919297906,']'
'[',48,-35.2137545730186,-5.78831894703182,']'
'[',48,-35.2136226510876,-5.78835299218971,']'
'[',48,-35.2133388726993,-5.78849989920532,']'
'[',48,-35.2132038543138,-5.78869415574462,']'
'[',48,-35.2130448746703,-5.78894438932317,']'
'[',48,-35.2128711028369,-5.78932422851846,']'
'[',48,-35.2126614837914,-5.7892272505734,']'
'[',48,-35.2125667891745,-5.78938828529102,']'
'[',48,-35.2129971367452,-5.78958164763556,']'
'[',48,-35.2138249271724,-5.78976590827546,']'
'[',48,-35.2143461172237,-5.78985836851593,']'
'[',48,-35.2145767909442,-5.78986938914858,']'
'[',48,-35.2149028190793,-5.7899128220401,']'
'[',48,-35.2151886211774,-5.78994299990945,']'
'[',48,-35.2154759343856,-5.78997913261889,']'
'[',48,-35.2159077427764,-5.790013619023,']'
'[',48,-35.2160042843247,-5.79001283265972,']'
'[',48,-35.2161156351562,-5.78956831065522,']'
'[',48,-35.216376621686,-5.78857629166133,']'
'[',48,-35.2164936800822,-5.7880691580832,']'
'[',49,-35.2233009985568,-5.79356891983241,']'
'[',49,-35.2239284384988,-5.7933481808654,']'
'[',49,-35.2235631285585,-5.79281867295371,']'
'[',49,-35.2233587311316,-5.79250234008458,']'
'[',49,-35.2232679092917,-5.79252316613079,']'
'[',49,-35.2232801447467,-5.79274601835319,']'
'[',49,-35.2232964871235,-5.79340662028331,']'
'[',49,-35.2233009985568,-5.79356891983241,']'
'[',50,-35.2483545678808,-5.77964616496705,']'
'[',50,-35.248655635254,-5.77879422353515,']'
'[',50,-35.2489260556883,-5.77793955942392,']'
'[',50,-35.2490886747659,-5.7771548438841,']'
'[',50,-35.2489461773559,-5.77713213830985,']'
'[',50,-35.2488429862219,-5.77749615052185,']'
'[',50,-35.2483437593232,-5.77746216329778,']'
'[',50,-35.2481027438949,-5.77746494185218,']'
'[',50,-35.247692428961,-5.77744809122737,']'
'[',50,-35.2476705462218,-5.77754283056011,']'
'[',50,-35.2475649575833,-5.77756179878476,']'
'[',50,-35.2474662557033,-5.77743971093805,']'
'[',50,-35.2473883812529,-5.77743633177348,']'
'[',50,-35.2472070422468,-5.77752793867279,']'
'[',50,-35.2473012980177,-5.77791035828408,']'
'[',50,-35.2475956911723,-5.77828635989371,']'
'[',50,-35.2478302886746,-5.77854331262649,']'
'[',50,-35.2478815142268,-5.77874651820414,']'
'[',50,-35.2480082745213,-5.77893338321299,']'
'[',50,-35.2479473023936,-5.77911131155484,']'
'[',50,-35.2480390952521,-5.77954145490815,']'
'[',50,-35.2483545678808,-5.77964616496705,']'
'[',51,-35.2371825076635,-5.75354924567631,']'
'[',51,-35.2364954346735,-5.75443957767887,']'
'[',51,-35.2360195969825,-5.7550128319268,']'
'[',51,-35.235512881014,-5.75572444090004,']'
'[',51,-35.2345578054759,-5.75699891701555,']'
'[',51,-35.2337670431236,-5.75808868094137,']'
'[',51,-35.2331854241097,-5.75880296475616,']'
'[',51,-35.2323305956861,-5.75985501105572,']'
'[',51,-35.2317544884133,-5.76055291752985,']'
'[',51,-35.2311452788865,-5.76117356913764,']'
'[',51,-35.2315090845355,-5.76139106424348,']'
'[',51,-35.2324066290022,-5.76027154514404,']'
'[',51,-35.2337506087569,-5.7586867010591,']'
'[',51,-35.23427195261,-5.75802849185303,']'
'[',51,-35.2349199486135,-5.7570360072985,']'
'[',51,-35.2353242673423,-5.756500634418,']'
'[',51,-35.2357599060684,-5.756015255043,']'
'[',51,-35.2361283704933,-5.75552149751567,']'
'[',51,-35.2365064097239,-5.75499459270778,']'
'[',51,-35.236940580411,-5.75447240947886,']'
'[',51,-35.2374263049447,-5.75370000875664,']'
'[',51,-35.2371825076635,-5.75354924567631,']'
'[',52,-35.2375023680438,-5.75358849455265,']'
'[',52,-35.23827995841,-5.75289662281634,']'
'[',52,-35.2395327566847,-5.7512523812966,']'
'[',52,-35.240133981238,-5.75058584635511,']'
'[',52,-35.2403399127195,-5.75036455148055,']'
'[',52,-35.240799568364,-5.75064622975251,']'
'[',52,-35.2410633956653,-5.75028521499205,']'
'[',52,-35.2417270221165,-5.74943509682147,']'
'[',52,-35.2420937704371,-5.74895218636568,']'
'[',52,-35.2414141405575,-5.74849852764191,']'
'[',52,-35.2417764117451,-5.74802013441817,']'
'[',52,-35.2420018043829,-5.74817674012124,']'
'[',52,-35.2421226897923,-5.7480502722592,']'
'[',52,-35.2426816339228,-5.7472831232801,']'
'[',52,-35.2434516418971,-5.74626526909487,']'
'[',52,-35.2436855078922,-5.74603297231961,']'
'[',52,-35.2438470979249,-5.74596934096854,']'
'[',52,-35.2439544257808,-5.74582492781883,']'
'[',52,-35.2445801818315,-5.74490002684605,']'
'[',52,-35.2451354823452,-5.7440587731576,']'
'[',52,-35.2458922490922,-5.74305511869712,']'
'[',52,-35.2467571125543,-5.74209538042234,']'
'[',52,-35.2470662327048,-5.74156164376687,']'
'[',52,-35.2477415887171,-5.74067704536358,']'
'[',52,-35.2481135086104,-5.74022406475732,']'
'[',52,-35.2481853473369,-5.74020128330524,']'
'[',52,-35.2487578889067,-5.73946557955264,']'
'[',52,-35.2493667180607,-5.73864719081921,']'
'[',52,-35.2503100381116,-5.73748396151447,']'
'[',52,-35.2501681528558,-5.73718782347518,']'
'[',52,-35.250029664969,-5.73693986141632,']'
'[',52,-35.2490492652537,-5.7382676672252,']'
'[',52,-35.2483503339227,-5.73915138775511,']'
'[',52,-35.2481023510464,-5.73896357185103,']'
'[',52,-35.2479573616021,-5.73916670252597,']'
'[',52,-35.2467961337909,-5.74061505285873,']'
'[',52,-35.2461087763625,-5.74128371038107,']'
'[',52,-35.2456700737781,-5.74184432783568,']'
'[',52,-35.2451901874193,-5.7424557932395,']'
'[',52,-35.2448924632625,-5.74305051119862,']'
'[',52,-35.2445517476403,-5.74342659718471,']'
'[',52,-35.2440440836872,-5.74413683098444,']'
'[',52,-35.2436335048223,-5.74467245073603,']'
'[',52,-35.2431181694211,-5.74535594691086,']'
'[',52,-35.2426907367941,-5.74587911526475,']'
'[',52,-35.2421751299939,-5.74653096224055,']'
'[',52,-35.2415089564204,-5.74738777442048,']'
'[',52,-35.2409233912275,-5.74811374150918,']'
'[',52,-35.2401627485756,-5.74918239585192,']'
'[',52,-35.239724178067,-5.74969626675222,']'
'[',52,-35.2391209100899,-5.75050337876876,']'
'[',52,-35.2387602484783,-5.75099809650819,']'
'[',52,-35.2383813492651,-5.75152639686397,']'
'[',52,-35.2378134906415,-5.75231568931009,']'
'[',52,-35.2374254415057,-5.75288866627671,']'
'[',52,-35.2371235428557,-5.75333250208955,']'
'[',52,-35.2372673074353,-5.75343935913979,']'
'[',52,-35.2375023680438,-5.75358849455265,']'
'[',53,-35.2659363545396,-5.83655554546687,']'
'[',53,-35.2645844227295,-5.83590268058306,']'
'[',53,-35.2624662067464,-5.83492112435985,']'
'[',53,-35.2609215315085,-5.83832296813217,']'
'[',53,-35.2646330128021,-5.84019797283027,']'
'[',53,-35.2659363545396,-5.83655554546687,']'
'[',54,-35.2142476243671,-5.78665834343452,']'
'[',54,-35.2137560140438,-5.78637369495133,']'
'[',54,-35.2135118367984,-5.78618454358635,']'
'[',54,-35.2127874319974,-5.78591508520566,']'
'[',54,-35.2126722427833,-5.78547435811991,']'
'[',54,-35.2123383838872,-5.78521248568133,']'
'[',54,-35.2120214186209,-5.78497076199212,']'
'[',54,-35.2115419527278,-5.78522950514751,']'
'[',54,-35.2116903417672,-5.78637570740493,']'
'[',54,-35.211919453816,-5.78776580187874,']'
'[',54,-35.212054915297,-5.78855327299522,']'
'[',54,-35.2122610065173,-5.78911648788018,']'
'[',54,-35.2125667891745,-5.78938828529102,']'
'[',54,-35.2126614837914,-5.7892272505734,']'
'[',54,-35.2128711028369,-5.78932422851846,']'
'[',54,-35.2130448746703,-5.78894438932317,']'
'[',54,-35.2132038543138,-5.78869415574462,']'
'[',54,-35.2133388726993,-5.78849989920532,']'
'[',54,-35.2136226510876,-5.78835299218971,']'
'[',54,-35.2137545730186,-5.78831894703182,']'
'[',54,-35.2136905971085,-5.78812919297906,']'
'[',54,-35.2139814842758,-5.78793095156375,']'
'[',54,-35.2143146750911,-5.7876706073862,']'
'[',54,-35.2145404313701,-5.78743396745873,']'
'[',54,-35.2147923421357,-5.78719722535576,']'
'[',54,-35.2142476243671,-5.78665834343452,']'
'[',55,-35.2105289313246,-5.78360439342027,']'
'[',55,-35.2109564493816,-5.78417031815419,']'
'[',55,-35.2112802604299,-5.78460122740582,']'
'[',55,-35.2114182696892,-5.78480781296209,']'
'[',55,-35.2114605460958,-5.78494108348606,']'
'[',55,-35.2115418697278,-5.78522902253839,']'
'[',55,-35.2120209827805,-5.78497067370949,']'
'[',55,-35.2117958158448,-5.78473862775571,']'
'[',55,-35.2113482318453,-5.78418273235626,']'
'[',55,-35.2108207310828,-5.78352956057287,']'
'[',55,-35.210731840495,-5.78342959553466,']'
'[',55,-35.2105289313246,-5.78360439342027,']'
'[',56,-35.2098458517929,-5.78237227022818,']'
'[',56,-35.2096793000468,-5.78249639629372,']'
'[',56,-35.2100309706921,-5.78293317325155,']'
'[',56,-35.2104989275916,-5.78356464957153,']'
'[',56,-35.2105296966768,-5.78360439043877,']'
'[',56,-35.210731840495,-5.78342959553466,']'
'[',56,-35.2102714203726,-5.78289240535976,']'
'[',56,-35.2098458517929,-5.78237227022818,']'
'[',57,-35.2159497439204,-5.79015384326992,']'
'[',57,-35.2151261548789,-5.79010729782734,']'
'[',57,-35.2128955641038,-5.78966812787306,']'
'[',57,-35.2128002864197,-5.78963364423784,']'
'[',57,-35.2130248542911,-5.7900586318755,']'
'[',57,-35.213521565293,-5.79001403686868,']'
'[',57,-35.2141043131422,-5.79018949197837,']'
'[',57,-35.2146583912557,-5.79029396596366,']'
'[',57,-35.2150710308671,-5.79053406765298,']'
'[',57,-35.2158308749737,-5.7906164083448,']'
'[',57,-35.2159497439204,-5.79015384326992,']'
'[',58,-35.1970335520091,-5.7705751443826,']'
'[',58,-35.1969997165409,-5.7699851635442,']'
'[',58,-35.1970297659432,-5.76959522681868,']'
'[',58,-35.196969797398,-5.76846032241086,']'
'[',58,-35.1973046009719,-5.76836419007093,']'
'[',58,-35.1974863751495,-5.7682917807204,']'
'[',58,-35.1975763545592,-5.76824879773326,']'
'[',58,-35.1979069292406,-5.76826006058717,']'
'[',58,-35.1977513664994,-5.76780300411812,']'
'[',58,-35.1974203208606,-5.76790728325959,']'
'[',58,-35.1971975161465,-5.76802366879117,']'
'[',58,-35.197055435071,-5.76816278764033,']'
'[',58,-35.1970365670078,-5.76818469005228,']'
'[',58,-35.1969597401282,-5.7682808896449,']'
'[',58,-35.1970412306575,-5.76836695381134,']'
'[',58,-35.1969580856788,-5.76843369887418,']'
'[',58,-35.1969361189417,-5.76847001496959,']'
'[',58,-35.1969345974277,-5.76859683026606,']'
'[',58,-35.1969298561161,-5.76867031753126,']'
'[',58,-35.1969141469234,-5.76876598848092,']'
'[',58,-35.1969206873081,-5.76889881118609,']'
'[',58,-35.1969225057855,-5.76911015320303,']'
'[',58,-35.1969176702127,-5.76942015047538,']'
'[',58,-35.196879178098,-5.76986211927549,']'
'[',58,-35.1968503972224,-5.77021649170063,']'
'[',58,-35.1968093221895,-5.77034275953386,']'
'[',58,-35.1968820789865,-5.77066153656605,']'
'[',58,-35.19691253179,-5.77115368036421,']'
'[',58,-35.1969382844462,-5.77159616454022,']'
'[',58,-35.1970496055414,-5.7716213259866,']'
'[',58,-35.1970651065269,-5.7713533072962,']'
'[',58,-35.1970537157805,-5.77112754333647,']'
'[',58,-35.1970335520091,-5.7705751443826,']'
'[',59,-35.2479708084717,-5.84053231736199,']'
'[',59,-35.2475679971533,-5.84010160427928,']'
'[',59,-35.247199360094,-5.83968255753753,']'
'[',59,-35.246724997394,-5.83973686790427,']'
'[',59,-35.2465202266878,-5.83962292018153,']'
'[',59,-35.2462778356517,-5.83957475104692,']'
'[',59,-35.2460190537566,-5.83952009553617,']'
'[',59,-35.2455572517648,-5.83964350556349,']'
'[',59,-35.2454163074999,-5.83959165508734,']'
'[',59,-35.2453550489441,-5.83982448591759,']'
'[',59,-35.2453658072188,-5.84006030468231,']'
'[',59,-35.2456027724677,-5.84030245767879,']'
'[',59,-35.2464955643806,-5.84076472889631,']'
'[',59,-35.2471948815481,-5.84112956393779,']'
'[',59,-35.2475326450094,-5.84132508265146,']'
'[',59,-35.2483443115198,-5.84172112498591,']'
'[',59,-35.248594775734,-5.84184054329257,']'
'[',59,-35.2484597834938,-5.84211044544648,']'
'[',59,-35.2488466312829,-5.842308541801,']'
'[',59,-35.2490259495144,-5.84204480009822,']'
'[',59,-35.2494064432944,-5.84223658352063,']'
'[',59,-35.2496627557206,-5.84223555723794,']'
'[',59,-35.2500039740595,-5.84210109446316,']'
'[',59,-35.2503139410223,-5.84206499447726,']'
'[',59,-35.2503636213964,-5.84182712351351,']'
'[',59,-35.2503808262988,-5.8416962035852,']'
'[',59,-35.2503801828433,-5.84153508154416,']'
'[',59,-35.250354657453,-5.84134513947277,']'
'[',59,-35.2503203656116,-5.84107644617667,']'
'[',59,-35.2501957087828,-5.84096066649218,']'
'[',59,-35.2500136780566,-5.84085811008906,']'
'[',59,-35.2495999771105,-5.84085536983484,']'
'[',59,-35.2491623096556,-5.84082407072003,']'
'[',59,-35.2489882870102,-5.84065951062799,']'
'[',59,-35.2486953190874,-5.84068547140133,']'
'[',59,-35.2483440698124,-5.84058772320947,']'
'[',59,-35.2479708084717,-5.84053231736199,']'
'[',60,-35.2805794095876,-5.82395932900015,']'
'[',60,-35.2796654548205,-5.82391087054021,']'
'[',60,-35.2794749766799,-5.82481252322137,']'
'[',60,-35.2792672820794,-5.82614097941629,']'
'[',60,-35.279285215597,-5.82706549653749,']'
'[',60,-35.278981014898,-5.82794390243677,']'
'[',60,-35.2783536741373,-5.8297007914048,']'
'[',60,-35.2788895315141,-5.82991198953395,']'
'[',60,-35.2792688258522,-5.83004321564391,']'
'[',60,-35.2787083145516,-5.83099662694435,']'
'[',60,-35.2794061197202,-5.83121380645733,']'
'[',60,-35.2796471623442,-5.83087523661215,']'
'[',60,-35.2799135690022,-5.83025207506519,']'
'[',60,-35.2799196737689,-5.82988790444485,']'
'[',60,-35.28014702056,-5.82990974282745,']'
'[',60,-35.2802704176549,-5.82951475174747,']'
'[',60,-35.2800306974772,-5.82924261317794,']'
'[',60,-35.2805211676892,-5.82876647870266,']'
'[',60,-35.2805446786653,-5.82802291922332,']'
'[',60,-35.2806082096389,-5.82781024360486,']'
'[',60,-35.2805154091085,-5.82734026443098,']'
'[',60,-35.2807150932431,-5.82707772613003,']'
'[',60,-35.2807294165357,-5.82687283616165,']'
'[',60,-35.2806701378275,-5.82626237342521,']'
'[',60,-35.2805890221751,-5.82587200375821,']'
'[',60,-35.2806524766541,-5.82564036259436,']'
'[',60,-35.2805541445468,-5.82473798254285,']'
'[',60,-35.280533477222,-5.8243094362344,']'
'[',60,-35.2805794095876,-5.82395932900015,']'
'[',61,-35.2628367669198,-5.74630001222478,']'
'[',61,-35.2633528906086,-5.74610353147951,']'
'[',61,-35.2636619278794,-5.74581340952204,']'
'[',61,-35.2639580992051,-5.74617055887508,']'
'[',61,-35.2645475336398,-5.74577769161333,']'
'[',61,-35.2653745140105,-5.74521567241579,']'
'[',61,-35.265692851125,-5.74492081694721,']'
'[',61,-35.2661331971901,-5.74443889351316,']'
'[',61,-35.2664862715161,-5.74382965905823,']'
'[',61,-35.2668160363527,-5.74303769068545,']'
'[',61,-35.2672067402409,-5.74211335326191,']'
'[',61,-35.2676211644059,-5.74120488155888,']'
'[',61,-35.2677666509944,-5.74100989702628,']'
'[',61,-35.2687039551469,-5.7397611107509,']'
'[',61,-35.2695077948383,-5.73878383527911,']'
'[',61,-35.2702711759613,-5.73779721153814,']'
'[',61,-35.2671284715983,-5.73758933643857,']'
'[',61,-35.2630687519348,-5.73741371655225,']'
'[',61,-35.262459983112,-5.73815072266101,']'
'[',61,-35.2624111964683,-5.73854632496645,']'
'[',61,-35.2625348869302,-5.7406212969674,']'
'[',61,-35.2626748747912,-5.74296958811392,']'
'[',61,-35.2627925126034,-5.74584745518416,']'
'[',61,-35.2628367669198,-5.74630001222478,']'
'[',62,-35.2628367669198,-5.74630001222478,']'
'[',62,-35.2627925126034,-5.74584745518416,']'
'[',62,-35.2626748747912,-5.74296958811392,']'
'[',62,-35.2625348869302,-5.7406212969674,']'
'[',62,-35.2624111964683,-5.73854632496645,']'
'[',62,-35.2621633363264,-5.73810380998674,']'
'[',62,-35.2615814060408,-5.73750524275272,']'
'[',62,-35.2607894719776,-5.73660819128055,']'
'[',62,-35.2604164897365,-5.73605764243409,']'
'[',62,-35.2590947353514,-5.7339877771481,']'
'[',62,-35.2575259166922,-5.73165449923879,']'
'[',62,-35.256158386702,-5.7325999511731,']'
'[',62,-35.2538179384022,-5.7341629163173,']'
'[',62,-35.2533379743148,-5.73355123774087,']'
'[',62,-35.2516308135825,-5.73469329381111,']'
'[',62,-35.2515344158597,-5.73495140193709,']'
'[',62,-35.2513595278172,-5.73523361513535,']'
'[',62,-35.250251839534,-5.73665190909183,']'
'[',62,-35.2501140051534,-5.73698677680808,']'
'[',62,-35.2503327738899,-5.73756728891677,']'
'[',62,-35.2509841417044,-5.73864437395855,']'
'[',62,-35.2517753318798,-5.73933488367686,']'
'[',62,-35.254647698519,-5.74171743340954,']'
'[',62,-35.2574232420562,-5.74405841355881,']'
'[',62,-35.2597339502859,-5.74597865969215,']'
'[',62,-35.2603969846542,-5.74649145212215,']'
'[',62,-35.2607979125422,-5.7464474046197,']'
'[',62,-35.2628367669198,-5.74630001222478,']'
'[',63,-35.256651188967,-5.73023896163164,']'
'[',63,-35.2563111004095,-5.72958959552405,']'
'[',63,-35.255822534017,-5.72838403734912,']'
'[',63,-35.2552649954985,-5.72722843241624,']'
'[',63,-35.2544902421458,-5.72784010818337,']'
'[',63,-35.2539251045023,-5.72655068663788,']'
'[',63,-35.253582240129,-5.72593614766102,']'
'[',63,-35.2534563246966,-5.7257929154291,']'
'[',63,-35.2532306576475,-5.72596406326186,']'
'[',63,-35.2528612538973,-5.72621092800227,']'
'[',63,-35.252488852527,-5.72675430645981,']'
'[',63,-35.2520533237067,-5.72695942647777,']'
'[',63,-35.2517638273735,-5.72629647537609,']'
'[',63,-35.2519710414927,-5.72618287622272,']'
'[',63,-35.2518825055089,-5.72595187642264,']'
'[',63,-35.2523179322666,-5.72572083227674,']'
'[',63,-35.2524128358224,-5.725640175648,']'
'[',63,-35.2525933251777,-5.72533543762489,']'
'[',63,-35.253017945372,-5.72504676987679,']'
'[',63,-35.2542106980207,-5.72446824065632,']'
'[',63,-35.2540315204599,-5.72389718556255,']'
'[',63,-35.2534282589874,-5.72213069532306,']'
'[',63,-35.2529172849117,-5.72075096565444,']'
'[',63,-35.2524936451413,-5.72093535839319,']'
'[',63,-35.250780686291,-5.72172659799019,']'
'[',63,-35.2496600410896,-5.72245955537703,']'
'[',63,-35.250111761045,-5.72337222728508,']'
'[',63,-35.2476146659118,-5.72456381488344,']'
'[',63,-35.2482966059886,-5.72706609583033,']'
'[',63,-35.2489199341063,-5.72933691334719,']'
'[',63,-35.2494598430129,-5.73106043836032,']'
'[',63,-35.2497795259119,-5.73179184772961,']'
'[',63,-35.2512744737027,-5.73432821154256,']'
'[',63,-35.2543156402564,-5.73198824521718,']'
'[',63,-35.2556201593895,-5.73099412257104,']'
'[',63,-35.256651188967,-5.73023896163164,']'
'[',64,-35.2529172849117,-5.72075096565444,']'
'[',64,-35.2524273983279,-5.71935187909042,']'
'[',64,-35.2522708289187,-5.71894468925141,']'
'[',64,-35.2513186746409,-5.71958666640977,']'
'[',64,-35.2509270121845,-5.72026103566763,']'
'[',64,-35.2505483849267,-5.72059323559501,']'
'[',64,-35.2486153245104,-5.71823761275066,']'
'[',64,-35.247986991362,-5.71906906663225,']'
'[',64,-35.2476731824636,-5.71935231611478,']'
'[',64,-35.2465487121764,-5.72013416721793,']'
'[',64,-35.2468870944652,-5.72162201036035,']'
'[',64,-35.2472554531178,-5.7231058957295,']'
'[',64,-35.2475258984812,-5.72419534087579,']'
'[',64,-35.2476146659118,-5.72456381488344,']'
'[',64,-35.250111761045,-5.72337222728508,']'
'[',64,-35.2496600410896,-5.72245955537703,']'
'[',64,-35.250780686291,-5.72172659799019,']'
'[',64,-35.2524936451413,-5.72093535839319,']'
'[',64,-35.2529172849117,-5.72075096565444,']'
'[',65,-35.2542106980207,-5.72446824065632,']'
'[',65,-35.253017945372,-5.72504676987679,']'
'[',65,-35.2525933251777,-5.72533543762489,']'
'[',65,-35.2524128358224,-5.725640175648,']'
'[',65,-35.2523179322666,-5.72572083227674,']'
'[',65,-35.2518825055089,-5.72595187642264,']'
'[',65,-35.2519710414927,-5.72618287622272,']'
'[',65,-35.2517638273735,-5.72629647537609,']'
'[',65,-35.2520533237067,-5.72695942647777,']'
'[',65,-35.252488852527,-5.72675430645981,']'
'[',65,-35.2528612538973,-5.72621092800227,']'
'[',65,-35.2532306576475,-5.72596406326186,']'
'[',65,-35.2534563246966,-5.7257929154291,']'
'[',65,-35.253582240129,-5.72593614766102,']'
'[',65,-35.2545017435907,-5.72539582499197,']'
'[',65,-35.2542106980207,-5.72446824065632,']'
'[',66,-35.2592963559791,-5.82938116795987,']'
'[',66,-35.2587661599284,-5.82906851118504,']'
'[',66,-35.2589786169919,-5.82856212663058,']'
'[',66,-35.2574149517691,-5.82749373617742,']'
'[',66,-35.2569423929969,-5.82847335864589,']'
'[',66,-35.2560860417084,-5.83034827800827,']'
'[',66,-35.2545093360404,-5.82972521485812,']'
'[',66,-35.2526448140256,-5.8290310728437,']'
'[',66,-35.2514117810646,-5.82855093160201,']'
'[',66,-35.2510696530693,-5.82927046802586,']'
'[',66,-35.2509418321383,-5.82959108656921,']'
'[',66,-35.2512383800745,-5.8306068246295,']'
'[',66,-35.2513608507101,-5.83082954713544,']'
'[',66,-35.2515988307713,-5.83106655657325,']'
'[',66,-35.2516999986886,-5.83119950142961,']'
'[',66,-35.2516771746967,-5.83140535702653,']'
'[',66,-35.2514103889553,-5.83207020711342,']'
'[',66,-35.2513269840702,-5.83220077328494,']'
'[',66,-35.2504955044682,-5.83248581340603,']'
'[',66,-35.2508542294012,-5.83348225809042,']'
'[',66,-35.2511188161201,-5.83424168758042,']'
'[',66,-35.2511565254061,-5.83434618646464,']'
'[',66,-35.2504034006985,-5.83462574433581,']'
'[',66,-35.2502849496722,-5.8348072741817,']'
'[',66,-35.2500595214935,-5.83497315244786,']'
'[',66,-35.2498394359344,-5.83527095252591,']'
'[',66,-35.2500484446951,-5.83572733711849,']'
'[',66,-35.2515244386161,-5.83504742216387,']'
'[',66,-35.2522313943688,-5.83464678627445,']'
'[',66,-35.2529971848071,-5.8339574339885,']'
'[',66,-35.253653107815,-5.83351583355927,']'
'[',66,-35.2545890953455,-5.83288479469796,']'
'[',66,-35.2550249312879,-5.83241157429,']'
'[',66,-35.2555145330846,-5.83162320157723,']'
'[',66,-35.255988561444,-5.83106524938084,']'
'[',66,-35.256526798813,-5.83097923551857,']'
'[',66,-35.2567792169836,-5.8305192563422,']'
'[',66,-35.2572268163261,-5.82974006106483,']'
'[',66,-35.2574068287091,-5.82967905095492,']'
'[',66,-35.2575139809648,-5.82931901987077,']'
'[',66,-35.2572467330095,-5.82919077163725,']'
'[',66,-35.2572996811551,-5.82889014386718,']'
'[',66,-35.2576535236279,-5.8287552241915,']'
'[',66,-35.2579659399393,-5.82869972721385,']'
'[',66,-35.2582586192617,-5.82892803692017,']'
'[',66,-35.2584434063656,-5.82905741365527,']'
'[',66,-35.2582824989641,-5.82947946912531,']'
'[',66,-35.2587333782662,-5.82964871811156,']'
'[',66,-35.2592588865806,-5.82950094457013,']'
'[',66,-35.2592963559791,-5.82938116795987,']'
'[',67,-35.2504034006985,-5.83462574433581,']'
'[',67,-35.2500263029851,-5.8337015013999,']'
'[',67,-35.24927105994,-5.83394316745427,']'
'[',67,-35.2484337115902,-5.8342084667827,']'
'[',67,-35.2484983956127,-5.83438091720083,']'
'[',67,-35.2486775241103,-5.83501281454468,']'
'[',67,-35.2486328199037,-5.83514904199399,']'
'[',67,-35.2478099397706,-5.8354327154497,']'
'[',67,-35.2463028870874,-5.83601262021478,']'
'[',67,-35.2456766515967,-5.83628824546611,']'
'[',67,-35.2457991549258,-5.83705056577068,']'
'[',67,-35.2461120031626,-5.8369915742741,']'
'[',67,-35.2469378897021,-5.83643575432493,']'
'[',67,-35.2475636003839,-5.83602868068529,']'
'[',67,-35.2482918558458,-5.83555079658726,']'
'[',67,-35.2488758963632,-5.83530932158219,']'
'[',67,-35.2494443926551,-5.83497660100054,']'
'[',67,-35.2498394359344,-5.83527095252591,']'
'[',67,-35.2500595214935,-5.83497315244786,']'
'[',67,-35.2502849496722,-5.8348072741817,']'
'[',67,-35.2504034006985,-5.83462574433581,']'
'[',68,-35.2482827603999,-5.82316666721679,']'
'[',68,-35.2479594259605,-5.82352299914308,']'
'[',68,-35.2484575924978,-5.82398652008535,']'
'[',68,-35.2480647879611,-5.82441752099389,']'
'[',68,-35.2485843719596,-5.8249445518982,']'
'[',68,-35.2483311252698,-5.82521648167462,']'
'[',68,-35.2488183417171,-5.82567860078913,']'
'[',68,-35.2487853785745,-5.82575772351485,']'
'[',68,-35.2491411239375,-5.82622857764279,']'
'[',68,-35.2485334672947,-5.82686030979858,']'
'[',68,-35.2491749463599,-5.82744679903615,']'
'[',68,-35.2495261760179,-5.82773619612382,']'
'[',68,-35.2497653495997,-5.82798027281039,']'
'[',68,-35.249712684559,-5.82804160816285,']'
'[',68,-35.2500302310614,-5.82841237309342,']'
'[',68,-35.2499305453649,-5.82850468690162,']'
'[',68,-35.2501374829621,-5.82901019358996,']'
'[',68,-35.2503426057766,-5.82960956145776,']'
'[',68,-35.2505657754559,-5.83026899351784,']'
'[',68,-35.2507506212298,-5.8307792634149,']'
'[',68,-35.2512291048888,-5.83057505529683,']'
'[',68,-35.2510933528195,-5.83011007707133,']'
'[',68,-35.2509418321383,-5.82959108656921,']'
'[',68,-35.2506397925499,-5.82875346083992,']'
'[',68,-35.2502678001969,-5.82772183416194,']'
'[',68,-35.2500122774496,-5.82692814994059,']'
'[',68,-35.249271539949,-5.82503790623078,']'
'[',68,-35.2487838283437,-5.82362580481627,']'
'[',68,-35.2485349681261,-5.82289052248042,']'
'[',68,-35.2482827603999,-5.82316666721679,']'
'[',69,-35.2514117810646,-5.82855093160201,']'
'[',69,-35.2516051366916,-5.8281823337829,']'
'[',69,-35.2518144490248,-5.82765410469996,']'
'[',69,-35.2512718846358,-5.8274599746005,']'
'[',69,-35.2510618510455,-5.82744112335626,']'
'[',69,-35.2507292425685,-5.82709976528204,']'
'[',69,-35.2504604173739,-5.82681334693771,']'
'[',69,-35.2502773902794,-5.82655741418913,']'
'[',69,-35.2501380461775,-5.82627534393272,']'
'[',69,-35.2500266787747,-5.82599977611791,']'
'[',69,-35.250306346909,-5.82571059635293,']'
'[',69,-35.249749662719,-5.8251405332572,']'
'[',69,-35.2495416176926,-5.8249060631473,']'
'[',69,-35.249279454819,-5.8241844435369,']'
'[',69,-35.2490617357578,-5.82443044871396,']'
'[',69,-35.249271539949,-5.82503790623078,']'
'[',69,-35.2500122774496,-5.82692814994059,']'
'[',69,-35.2502678001969,-5.82772183416194,']'
'[',69,-35.2506397925499,-5.82875346083992,']'
'[',69,-35.2509418321383,-5.82959108656921,']'
'[',69,-35.2510696530693,-5.82927046802586,']'
'[',69,-35.2514117810646,-5.82855093160201,']'
'[',70,-35.2702649932984,-5.84607387435144,']'
'[',70,-35.2708115673198,-5.84469504015946,']'
'[',70,-35.2696700153766,-5.84411998335787,']'
'[',70,-35.2689106837835,-5.84521232501532,']'
'[',70,-35.2702649932984,-5.84607387435144,']'
'[',71,-35.2764725621861,-5.84116179798329,']'
'[',71,-35.2762016458091,-5.84068728507465,']'
'[',71,-35.2761704990705,-5.84041999440857,']'
'[',71,-35.2762535996654,-5.84028802109129,']'
'[',71,-35.2768117715864,-5.84004278526143,']'
'[',71,-35.2766094920444,-5.83954111967938,']'
'[',71,-35.2773255529273,-5.83907028729335,']'
'[',71,-35.2776540064492,-5.83973299345454,']'
'[',71,-35.2779015757713,-5.8402089684533,']'
'[',71,-35.2785287976922,-5.83989491521165,']'
'[',71,-35.2788587628649,-5.83945088647595,']'
'[',71,-35.2795092281024,-5.83901985073985,']'
'[',71,-35.2798467722238,-5.83877197238822,']'
'[',71,-35.2799867088127,-5.83863680347606,']'
'[',71,-35.2799870419816,-5.8382499895205,']'
'[',71,-35.2791037015581,-5.83752491409234,']'
'[',71,-35.2793188139858,-5.83733762995467,']'
'[',71,-35.2792760935754,-5.83724037769623,']'
'[',71,-35.2784685448324,-5.83746393179507,']'
'[',71,-35.2776231464885,-5.83769421443464,']'
'[',71,-35.2771411529144,-5.83782765138456,']'
'[',71,-35.2767910328885,-5.83720247409975,']'
'[',71,-35.2766866541684,-5.83707103195486,']'
'[',71,-35.2758511909194,-5.83757534082169,']'
'[',71,-35.2752365147923,-5.83777940812701,']'
'[',71,-35.275036809882,-5.83789710430473,']'
'[',71,-35.2746506949656,-5.83813574982865,']'
'[',71,-35.274023394426,-5.83837658726194,']'
'[',71,-35.273448951378,-5.83923810521248,']'
'[',71,-35.273100000887,-5.83973508442343,']'
'[',71,-35.2726339767648,-5.8409703584205,']'
'[',71,-35.2723916424234,-5.84148424028942,']'
'[',71,-35.2719814453214,-5.84235748652161,']'
'[',71,-35.272687016615,-5.84270343472935,']'
'[',71,-35.2734297519139,-5.84303550882401,']'
'[',71,-35.2736116418715,-5.84264408115223,']'
'[',71,-35.2728186858821,-5.84221866172839,']'
'[',71,-35.2724073691776,-5.84199992944804,']'
'[',71,-35.2729072458013,-5.84096115651845,']'
'[',71,-35.2733012712686,-5.84015001219258,']'
'[',71,-35.2738311505373,-5.83907770540504,']'
'[',71,-35.2740700564313,-5.83860082371312,']'
'[',71,-35.2745180509497,-5.83881271691717,']'
'[',71,-35.2754187570633,-5.83928399821646,']'
'[',71,-35.2759414228549,-5.83955344237438,']'
'[',71,-35.2754221488259,-5.84064843821799,']'
'[',71,-35.2758436400071,-5.84087491954926,']'
'[',71,-35.2762324069739,-5.84131079092125,']'
'[',71,-35.2764725621861,-5.84116179798329,']'
'[',72,-35.2472776807267,-5.81824097884777,']'
'[',72,-35.2468600863067,-5.81789398004216,']'
'[',72,-35.2466081866312,-5.81774869829232,']'
'[',72,-35.2464473739744,-5.81795978940341,']'
'[',72,-35.2467550414158,-5.81853708373993,']'
'[',72,-35.246778505659,-5.81860759960684,']'
'[',72,-35.2469631821706,-5.81865034491809,']'
'[',72,-35.2472616357976,-5.81884648201355,']'
'[',72,-35.2476517952864,-5.819256267199,']'
'[',72,-35.247907332469,-5.8194141055145,']'
'[',72,-35.2476519022466,-5.81963214033245,']'
'[',72,-35.2477157131235,-5.81978625721843,']'
'[',72,-35.2478662626368,-5.81996914638165,']'
'[',72,-35.2479920935948,-5.81988182289753,']'
'[',72,-35.248051525886,-5.8199624778459,']'
'[',72,-35.2484489629405,-5.81977938091954,']'
'[',72,-35.2488210434605,-5.81953290308735,']'
'[',72,-35.2490724126351,-5.81967023026426,']'
'[',72,-35.249377369686,-5.81994164367746,']'
'[',72,-35.2493355425303,-5.82028750126711,']'
'[',72,-35.2492253414128,-5.82035959545186,']'
'[',72,-35.2491843169938,-5.82044855759777,']'
'[',72,-35.2490770138696,-5.82073556608134,']'
'[',72,-35.2490109866623,-5.82097850485395,']'
'[',72,-35.2491094349854,-5.82129084563338,']'
'[',72,-35.249636681406,-5.82073637450903,']'
'[',72,-35.2499935334461,-5.82033087204105,']'
'[',72,-35.2505027237942,-5.82075948971778,']'
'[',72,-35.2508314107676,-5.82039192231012,']'
'[',72,-35.2502683077214,-5.81982089511703,']'
'[',72,-35.2498518527953,-5.82012114916815,']'
'[',72,-35.2491775184171,-5.81955599720161,']'
'[',72,-35.2489480789146,-5.81945492589398,']'
'[',72,-35.2487189955332,-5.81928782154549,']'
'[',72,-35.2477200773496,-5.81860718746282,']'
'[',72,-35.2473331960557,-5.81830603057948,']'
'[',72,-35.2472776807267,-5.81824097884777,']'
'[',73,-35.2359269779967,-5.83323814797667,']'
'[',73,-35.2354814820089,-5.83362668456235,']'
'[',73,-35.2350428524222,-5.83397608765213,']'
'[',73,-35.2346570059737,-5.83428417195959,']'
'[',73,-35.2347056727121,-5.83445587472811,']'
'[',73,-35.2344212026231,-5.83468957049242,']'
'[',73,-35.2341615595297,-5.8349469436832,']'
'[',73,-35.2344161190969,-5.83540443867002,']'
'[',73,-35.2340136527667,-5.83555865454633,']'
'[',73,-35.2326402733372,-5.83670083632788,']'
'[',73,-35.2326683221649,-5.83709321078857,']'
'[',73,-35.2331893502122,-5.83796714802181,']'
'[',73,-35.2335824634397,-5.83753592517844,']'
'[',73,-35.2343992308998,-5.83702238643269,']'
'[',73,-35.2347413479659,-5.83769647808785,']'
'[',73,-35.2350197905889,-5.83777939165344,']'
'[',73,-35.2356875358655,-5.83662974714146,']'
'[',73,-35.2377411498101,-5.83625454283296,']'
'[',73,-35.2389496314169,-5.83616495715016,']'
'[',73,-35.2397418017298,-5.83569778608065,']'
'[',73,-35.2406008132611,-5.83596271603471,']'
'[',73,-35.2407960455132,-5.83570383773804,']'
'[',73,-35.240466053933,-5.83544002166539,']'
'[',73,-35.2399973468286,-5.83528965408817,']'
'[',73,-35.239316535185,-5.83521002478496,']'
'[',73,-35.237568717166,-5.83515842879378,']'
'[',73,-35.2377442082132,-5.83407813320528,']'
'[',73,-35.2383430044489,-5.83358782135059,']'
'[',73,-35.2391630482492,-5.83281948289083,']'
'[',73,-35.2390260506211,-5.83269055798835,']'
'[',73,-35.2375827897888,-5.83286835878815,']'
'[',73,-35.2359269779967,-5.83323814797667,']'
'[',74,-35.273391830818,-5.74325508904586,']'
'[',74,-35.2735480863096,-5.7434309954921,']'
'[',74,-35.2743103335442,-5.74424802335952,']'
'[',74,-35.2750006991221,-5.7449431748342,']'
'[',74,-35.2754786671224,-5.7453879679471,']'
'[',74,-35.2759306463804,-5.74502362190144,']'
'[',74,-35.2764895057971,-5.7444190797108,']'
'[',74,-35.277158609825,-5.74375672568347,']'
'[',74,-35.2774824367984,-5.74340140775345,']'
'[',74,-35.277040325733,-5.74303399242553,']'
'[',74,-35.2757469864771,-5.74182279356708,']'
'[',74,-35.2752726352653,-5.74138934698437,']'
'[',74,-35.273391830818,-5.74325508904586,']'
'[',75,-35.1906510335442,-5.78793558453526,']'
'[',75,-35.1906909368211,-5.78764388793896,']'
'[',75,-35.1907059828247,-5.78757221687088,']'
'[',75,-35.1910712778257,-5.78732750571912,']'
'[',75,-35.191008171703,-5.78723739447848,']'
'[',75,-35.1908494848308,-5.78711229614939,']'
'[',75,-35.1905597929286,-5.78685675438645,']'
'[',75,-35.1904901135323,-5.78679973315471,']'
'[',75,-35.1899067689017,-5.78757336007589,']'
'[',75,-35.1896781000944,-5.7878895602268,']'
'[',75,-35.1895821717543,-5.78816388618925,']'
'[',75,-35.1895218820235,-5.78851241189904,']'
'[',75,-35.1893614037323,-5.78902282414253,']'
'[',75,-35.1893912194367,-5.78906535965525,']'
'[',75,-35.1892455631423,-5.78943830979647,']'
'[',75,-35.1890450684705,-5.78976910514006,']'
'[',75,-35.1887568813432,-5.79021193441871,']'
'[',75,-35.1885126455759,-5.79062991629534,']'
'[',75,-35.1880936856624,-5.79112054880814,']'
'[',75,-35.187827420779,-5.79145621073725,']'
'[',75,-35.1872916776523,-5.79199147844601,']'
'[',75,-35.1876267429805,-5.79227188005812,']'
'[',75,-35.1879393255383,-5.79198559758256,']'
'[',75,-35.1881186170622,-5.79178127989889,']'
'[',75,-35.1888105116346,-5.790786951908,']'
'[',75,-35.1900226667645,-5.78898005752384,']'
'[',75,-35.1902201831974,-5.78863218382991,']'
'[',75,-35.1905058806847,-5.78820918219032,']'
'[',75,-35.1906336227075,-5.7880794367231,']'
'[',75,-35.1906510335442,-5.78793558453526,']'
